61373f1c58d2e50f058b523c,鬼滅の刃真菰ウィッグ,"2,200",,,残り1点
6118a97daddb841843b55ae9,鬼滅の刃　竈門炭治郎　ともぬい～蝶屋敷おやすみver.～,"1,100",,,残り1点
60d801043c394d09c246f14d,鬼滅の刃竈門炭治郎トレーディング缶バッジ,440,,,残り1点
60d455da3c394d3e22d0bf1b,鬼滅の刃真菰にとたん鬼滅の刃ラバーマスコット,220,,,残り1点
60d800f13c394d09c246f111,鬼滅の刃宇髄天元トレーディングカップホルダー,550,,,残り1点
60d800eb3c394d09c246f102,鬼滅の刃竈門炭治郎トレーディングカップホルダー,550,,,残り1点
60d800e53c394d09c246f0eb,鬼滅の刃宇髄天元トレーディングアクリルスタンド,"1,100",,,残り1点
60d800e23c394d09c246f0e0,鬼滅の刃嘴平伊之助トレーディングアクリルスタンド,"1,100",,,残り1点
60d800e13c394d09c246f0de,鬼滅の刃我妻善逸トレーディングアクリルスタンド,"1,100",,,残り1点
60d4222b3c394d5a85081caf,鬼滅の刃嘴平伊之助E賞　ラバーストラップ,330,,,残り1点
60d4222a3c394d5a85081cac,鬼滅の刃我妻善逸E賞　ラバーストラップ,330,,,残り1点
60d422293c394d5a85081ca8,鬼滅の刃竈門炭治郎E賞　ラバーストラップ,220,,,残り1点
60d422253c394d5a85081c98,鬼滅の刃嘴平伊之助F賞ラバーストラップ,330,,,残り1点
60d422143c394d5a85081c5e,鬼滅の刃我妻善逸【H賞】ラバーストラップ,330,,,残り1点
60d422113c394d5a85081c59,鬼滅の刃竈門炭治郎【H賞】ラバーストラップ,220,,,残り1点
60d800d33c394d09c246f0b0,鬼滅の刃栗花落カナヲトレーディング缶バッジ,660,,,残り1点
60d800c93c394d09c246f08d,鬼滅の刃竈門炭治郎トレーディング缶バッジ,440,,,残り1点
60d800c73c394d09c246f088,鬼滅の刃栗花落カナヲトレーディングアクリルキーホルダー,880,,,残り1点
60d800bf3c394d09c246f06b,鬼滅の刃嘴平伊之助トレーディングアクリルキーホルダー,880,,,残り1点
60d800be3c394d09c246f068,鬼滅の刃我妻善逸トレーディングアクリルキーホルダー,880,,,残り1点
60d009493c394d3c77617242,鬼滅の刃栗花落カナヲネームバッジコレクション,880,,,残り1点
60d009423c394d3c7761722c,鬼滅の刃胡蝶しのぶネームバッジコレクション,880,,,残り1点
60d009413c394d3c77617227,鬼滅の刃嘴平伊之助ネームバッジコレクション,880,,,残り1点
610a6759e406b84a9b380dae,鬼滅の刃竈門炭治郎ステータスカードコレクション,"1,100",,,残り1点
60d801073c394d09c246f156,鬼滅の刃冨岡義勇トレーディング缶バッジ,880,,,残り1点
60d801063c394d09c246f154,鬼滅の刃嘴平伊之助トレーディング缶バッジ,660,,,残り1点
60d801063c394d09c246f152,鬼滅の刃我妻善逸トレーディング缶バッジ,660,,,残り1点
60b74ac615fcf46c04e29427,鬼滅の刃胡蝶しのぶトレーディングアクリルキーホルダー,880,,,残り1点
60b74ac615fcf46c04e29425,鬼滅の刃冨岡義勇トレーディングアクリルキーホルダー,"1,650",,,残り3点
60b74abc15fcf46c04e29400,鬼滅の刃冨岡義勇トレーディング缶バッジ,880,,,残り1点
61405883addb8440c3d68fc3,鬼滅の刃　錆兎　女性用XLサイズ,"9,350",,,残り1点
6118a957addb841843b55a93,鬼滅の刃冨岡義勇ともぬいvol.2,"2,200",,,残り1点
6118bc328a45726373a91d7a,鬼滅の刃　TVアニメ『鬼滅の刃』木彫りの炭治郎,"11,000",,,残り1点
60d455e23c394d3e22d0bf36,鬼滅の刃我妻善逸にとたん鬼滅の刃ラバーマスコットvol.2,660,,,残り1点
60d455e03c394d3e22d0bf2e,鬼滅の刃竈門炭治郎にとたん鬼滅の刃ラバーマスコットvol.3,440,,,残り1点
60d455db3c394d3e22d0bf1d,鬼滅の刃鬼舞辻無惨にとたん鬼滅の刃ラバーマスコット,220,,,残り1点
60d455da3c394d3e22d0bf18,鬼滅の刃錆兎にとたん鬼滅の刃ラバーマスコット,660,,,残り1点
6245426e644cf427647a1b8f,鬼滅の刃胡蝶カナエウィッグ,"3,300",,,残り1点
611cb1c7addb8423e66763ab,鬼滅の刃　愈史郎　ウィッグ,"3,300",,,残り1点
611cb1c6addb8423e66763a9,鬼滅の刃　魘夢　ウィッグ,"3,300",,,残り1点
611cb1c4addb8423e66763a4,鬼滅の刃　冨岡義勇　ウィッグ,"3,850",,,残り1点
6140588faddb8440c3d68fd6,鬼滅の刃真菰女性用Sサイズ,"4,400",,,残り1点
60b1d378838d344f5d2d56f2,鬼滅の刃集合アクリルキーホルダーコレクション,330,,,残り1点
620f65f716e1e65a9a468445,鬼滅の刃　胡蝶しのぶ　草履,"2,200",,,残り1点
610a3be4e406b86b3d7b56a2,鬼滅の刃冨岡義勇コースター,"1,100",,,残り1点
610a2674addb8455be860868,鬼滅の刃真菰コースター,110,,,残り1点
60d801023c394d09c246f148,鬼滅の刃栗花落カナヲTreatCollection（缶バッジのみ）,880,,,残り1点
60d800fd3c394d09c246f136,鬼滅の刃宇髄天元TreatCollection（缶バッジのみ）,880,,,残り1点
60d800f93c394d09c246f129,鬼滅の刃我妻善逸TreatCollection（缶バッジのみ）,880,,,残り1点
60d800f83c394d09c246f125,鬼滅の刃竈門炭治郎TreatCollection（缶バッジのみ）,550,,,残り1点
60d800f53c394d09c246f11e,鬼滅の刃不死川玄也トレーディングカップホルダー,550,,,残り1点
60d800f53c394d09c246f11b,鬼滅の刃甘露寺蜜璃トレーディングカップホルダー,550,,,残り1点
60d800f23c394d09c246f115,鬼滅の刃悲鳴嶼行冥トレーディングカップホルダー,220,,,残り1点
60d800ec3c394d09c246f104,鬼滅の刃竈門禰豆子トレーディングカップホルダー,550,,,残り1点
60d800d73c394d09c246f0ba,鬼滅の刃嘴平伊之助トレーディングスクエア缶バッジ,660,,,残り1点
60d800d63c394d09c246f0b8,鬼滅の刃我妻善逸トレーディングスクエア缶バッジ,660,,,残り1点
60d009393c394d3c77617210,鬼滅の刃我妻善逸56mm缶バッジコレクション,660,,,残り1点
60d4223b3c394d5a85081cdf,鬼滅の刃我妻善逸Ｇ賞　ラバーストラップ～無限列車編～,330,,,残り1点
60d4223a3c394d5a85081cda,鬼滅の刃竈門炭治郎Ｇ賞　ラバーストラップ～無限列車編～,220,,,残り1点
60ed08061801951d66f0c1a0,【イタミ有】鬼滅の刃　累　原画ランチョンマット,"1,650",,,残り1点
60ed07ce1801951d66f0c043,【イタミ有】鬼滅の刃　累　原画ランチョンマット,"3,300",,,残り1点
60cb015dcfcd942b0fef7935,鬼滅の刃竈門炭治郎ランダム缶バッジ,220,,,
60b74ac715fcf46c04e2942c,鬼滅の刃宇髄天元トレーディングアクリルキーホルダー,"1,100",,,残り1点
60b74ac515fcf46c04e29423,鬼滅の刃嘴平伊之助トレーディングアクリルキーホルダー,"1,100",,,残り1点
6101359803e5943615ddffd6,ハイキュー!!　山口忠　コースター,110,,,残り1点
610135d618019549c62bbf03,ハイキュー!!　木兎光太郎　コースター,220,,,残り1点
610135d318019549c62bbefc,ハイキュー!!　黒尾鉄朗　コースター,330,,,残り1点
6101359503e5943615ddffd0,ハイキュー!!　日向翔陽　コースター,110,,,残り1点
6100da1403e59462490fa6ca,ハイキュー!!　桐生八　コースター,110,,,残り1点
610135f718019549c62bbf11,ハイキュー!!　影山飛雄　E賞　色紙,880,,,残り1点
61013550e45a9974ecfe5bba,ハイキュー!!　宮治　コースター,330,,,残り1点
6101354fe45a9974ecfe5bb7,ハイキュー!!　宮侑　コースター,330,,,残り1点
6101354ce45a9974ecfe5bad,ハイキュー!!田中龍之介　コースター,110,,,残り1点
6101354ae45a9974ecfe5ba8,ハイキュー!!　山口忠　コースター,110,,,残り1点
608cda02935fcc2e7d3bd696,ハイキュー!!　強羅昌己　缶バッジ,110,,,残り1点
6100da1603e59462490fa6d2,ハイキュー!!　和久谷南高校　コースター,110,,,残り1点
6100da1603e59462490fa6d0,ハイキュー!!　角川学園高校　コースター,110,,,残り1点
6100d9bc03e59462490fa690,ハイキュー!!　作並浩輔　コースター,110,,,残り1点
61013548e45a9974ecfe5ba3,ハイキュー!!影山飛雄　コースター,330,,,残り1点
61013547e45a9974ecfe5ba1,ハイキュー!!　日向翔陽　コースター,220,,,残り1点
608cda4f935fcc2e7d3bd85d,ハイキュー!!　及川徹　缶バッジコレクション,880,,,
6100d00e18019576395e6284,ハイキュー!!　宮侑　アートコースター,"1,320",,,残り1点
6125d191addb843a54174b22,ハイキュー　猿杙大和　ハイキュー2021Apageofyouthコースター梟谷,110,,,残り1点
608cda14935fcc2e7d3bd700,ハイキュー!!　大平獅音　缶バッジ(小),110,,,
61d664b6e7f5ce6f5dfa69cc,ハイキュー!!西谷夕ウィッグ,"2,750",,,残り1点
61011a891801955830601ab5,ハイキュー!!　影山飛雄　アニマルアクリルキャンディチャーム,"1,100",,,残り1点
60dda3593c394d4cb1d81725,ハイキュー!!　宮侑　トレーディングアクリルスタンド,"1,100",,,残り1点
6100da1203e59462490fa6c5,ハイキュー!!　星海光来　コースター,110,,,残り1点
6100d9bb03e59462490fa68e,ハイキュー!!　黄金川貫至　コースター,110,,,残り1点
6100d983e45a992469cee9b7,ハイキュー!!　木下久志・成田一仁　コースター,110,,,残り1点
61011a8a1801955830601ab7,ハイキュー!!　孤爪研磨　アニマルアクリルキャンディチャーム,"1,650",,,残り1点
61011a5d03e59443c64300d2,ハイキュー!!　天童覚　アクリルタグコレクション,"1,100",,,残り1点
61010fe003e59443c642fa9c,ハイキュー!!　宮治　アクリルバッジコレクション,"1,650",,,残り1点
608cd9f6935fcc2e7d3bd64c,ハイキュー!!渡親治缶バッジ,110,,,残り3点
6101264c18019549c62bb9d8,ハイキュー!!　日向翔陽　レジャーver.トレーディングアクリルスタンド,880,,,残り1点
6101265518019549c62bb9ed,ハイキュー!!　北信介　レジャーver.トレーディングアクリルスタンド,"1,100",,,残り1点
6101265418019549c62bb9eb,ハイキュー!!　宮治　レジャーver.トレーディングアクリルスタンド,"1,100",,,残り1点
60f6a1f303e5944445e7bd13,【イタミ有】ハイキュー!!　宮治　ハイキュー!!箔押しミニ色紙コレクション,880,,,残り1点
60f6a1ec03e5944445e7bd00,【イタミ有】ハイキュー!!　影山飛雄　ハイキュー!!箔押しミニ色紙コレクション,550,,,残り1点
60f6a1e803e5944445e7bcf4,【イタミ有】ハイキュー!!　宮侑　ハイキュー!!　箔押しミニ色紙コレクション,550,,,残り1点
60f3b23e180195327ce202d4,ハイキュー!!　宮治　にとたん　ハイキュー!!朝　ラバーマスコット,"1,100",,,残り1点
608cda31935fcc2e7d3bd7ac,ハイキュー!!　天童覚　缶バッジTOTHETOPVer.第2弾,330,,,
61d664bbe7f5ce6f5dfa69d2,ハイキュー!!宮治ウィッグ,"3,300",,,残り1点
60dda3523c394d4cb1d81713,ハイキュー!!　日向翔陽　トレーディングアクリルスタンド,880,,,残り1点
608cda32935fcc2e7d3bd7b1,ハイキュー!!　星海光来　缶バッジTOTHETOPVer.第2弾,110,,,
608cda31935fcc2e7d3bd7af,ハイキュー!!　赤葦京治　缶バッジTOTHETOPVer.第2弾,880,,,
608cda31935fcc2e7d3bd7a9,ハイキュー!!　牛島若利　缶バッジTOTHETOPVer.第2弾,330,,,
608cda21935fcc2e7d3bd74f,ハイキュー!!　牛島若利　缶バッジTOTHETOPver.,330,,,
60dda3533c394d4cb1d81715,ハイキュー!!　影山飛雄　トレーディングアクリルスタンド,"1,100",,,残り2点
60e6b336cfcd946e710ef019,ハイキュー!!　影山飛雄　アクリルフィギュアコレクションハイキュー!!展東京,"1,650",,,残り1点
608cda18935fcc2e7d3bd718,ハイキュー!!　木兎光太郎　缶バッジコラボフードver,330,,,
6101265118019549c62bb9e3,ハイキュー!!　木兎光太郎　レジャーver.トレーディングアクリルスタンド,880,,,残り1点
61011a5703e59443c64300c3,【開封済み】ハイキュー!!　影山飛雄　アクリルタグコレクション,"1,650",,,残り1点
60a0908cf8440a13a63f380e,ハイキュー!!　山口忠　特典レザー風缶バッジ,330,,,残り1点
608cda22935fcc2e7d3bd751,ハイキュー!!　天童覚　缶バッジTOTHETOPver.,330,,,残り2点
6101265218019549c62bb9e5,ハイキュー!!　赤葦京治　レジャーver.トレーディングアクリルスタンド,"1,100",,,残り1点
609ba4ac4f443057a5553d8e,ハイキュー!!　天童覚　缶バッジ,550,,,残り3点
609ba4ac4f443057a5553d8b,ハイキュー!!　牛島若利　缶バッジ,550,,,
609ba4ab4f443057a5553d88,ハイキュー!!　赤葦京治　缶バッジ,880,,,残り1点
608cda42935fcc2e7d3bd817,ハイキュー!!　赤葦京治　缶バッジ,880,,,残り1点
608cd9ff935fcc2e7d3bd682,ハイキュー!!　赤葦京治　缶バッジ,550,,,残り2点
608cd9f6935fcc2e7d3bd648,ハイキュー!!　花巻貴大　缶バッジ,550,,,残り1点
608cd9ed935fcc2e7d3bd619,ハイキュー!!　月島蛍　缶バッジ,550,,,残り1点
608cda3a935fcc2e7d3bd7e8,ハイキュー!!　影山飛雄　缶バッジ,880,,,残り1点
6125d19faddb843a54174b40,ハイキュー　牛島若利　ハイキュー2021Apageofyouthコースター戸美学園・鴎台・井闥山学院・白鳥沢学園,220,,,残り1点
60d1478f8473965338ce45ae,ハイキュー!!　及川徹　ハイキュー！！　トレーディング缶バッチ(準備),880,,,残り1点
60bf316b847396478150937c,ハイキュー!!　黒尾鉄朗　缶バッジ「ハイキュー！！」02,"1,320",,,残り3点
60bf316b847396478150937f,ハイキュー!!　及川徹　缶バッジ「ハイキュー！！」02,"1,320",,,残り1点
60ec5f59cfcd94366235173d,ハイキュー!!　岩泉一　にとたん　ハイキュー！！私服ラバーマスコット,880,,,残り1点
60d1477f8473965338ce457d,ハイキュー!!　孤爪研磨　ハイキュー!!　トレーディング缶バッジ,880,,,残り1点
60d1477a8473965338ce456e,ハイキュー!!　影山飛雄　ハイキュー!!　トレーディング缶バッジ,880,,,残り1点
60d146b83c394d03df257c39,ハイキュー!!　山口忠　ハイキュー　3D缶バッジ,220,,,残り1点
60c6e9da3c394d5fb5208a80,ハイキュー!!　宮治　ハイキュー　朝トレーディング缶バッジ,880,,,残り1点
60bf316e8473964781509388,ハイキュー!!　牛島若利　缶バッジ「ハイキュー！！」02,880,,,残り1点
60bf31698473964781509378,ハイキュー!!　山口忠　缶バッジ「ハイキュー！！」02,440,,,
60bf31688473964781509372,ハイキュー!!　影山飛雄　缶バッジ「ハイキュー！！」02,"1,320",,,残り2点
60f640d303e5944bc2188147,ハイキュー!!　松川一静　ハイキュー！！にとたん制服青葉城西高校ラバーマスコット,"1,100",,,残り1点
60f3cb35e45a991cc0317e88,ハイキュー!!　日向翔陽　にとたん　ハイキュー!!　制服烏野高校ラバーマスコット,880,,,残り1点
60f3bb4ee45a991cc0317c8c,ハイキュー!!　日向翔陽　にとたんハイキュー!!ジャージラバーマスコット,880,,,残り1点
60d147f68473965338ce46ef,ハイキュー!!　黒尾鉄朗　ハイキュー!!トレーディング名場面缶バッジ,880,,,残り2点
61d664b8e7f5ce6f5dfa69ce,ハイキュー!!日向翔陽ウィッグ,"3,300",,,残り1点
60f6692b03e5947b0c63e648,ハイキュー!!　牛島若利　にとたんハイキュー！！　ジャージvol.3ラバーマスコット,880,,,残り1点
60f6674603e5947b0c63e600,ハイキュー!!　瀬見英太　にとたんハイキュー!!白鳥沢学園高校ラバーストラップ,"1,650",,,残り1点
60f65a80e45a995dcd494b35,ハイキュー!!　尾白アランハイキュー！！にとたん制服稲荷崎高校ラバーマスコット,330,,,残り1点
60f65a7ce45a995dcd494b29,ハイキュー!!　赤木　路成　にとたん　ハイキュー!!稲荷崎高校ラバーマスコット,330,,,残り1点
60f65a79e45a995dcd494b20,ハイキュー!!　尾白アラン　にとたん　ハイキュー!!稲荷崎高校ラバーマスコット,330,,,残り1点
60f65a75e45a995dcd494b17,ハイキュー!!　宮侑　にとたん　ハイキュー!!稲荷崎高校ラバーマスコット,"1,100",,,残り1点
60f646981801953fdb494c4b,ハイキュー!!　吹上仁悟　にとたんハイキュー!!制服伊達工業高校ラバーマスコット,330,,,残り1点
60f646971801953fdb494c49,ハイキュー!!　女川太郎　にとたんハイキュー!!制服伊達工業高校ラバーマスコット,330,,,残り1点
60f646961801953fdb494c47,ハイキュー!!　小原豊　にとたんハイキュー!!制服伊達工業高校ラバーマスコット,330,,,残り1点
60f646951801953fdb494c45,ハイキュー!!　笹谷武仁　にとたんハイキュー!!制服伊達工業高校ラバーマスコット,330,,,残り1点
60f6468d1801953fdb494c32,ハイキュー!!　小原豊　にとたん　ハイキュー!!伊達工業高校（ユニフォーム）ラバーマスコット,330,,,残り1点
60f640d803e5944bc2188154,【開封済み】ハイキュー!!　渡親治　ハイキュー！！にとたん制服青葉城西高校ラバーマスコット,330,,,残り1点
60f640d603e5944bc218814e,ハイキュー!!　京谷賢太郎　ハイキュー！！にとたん制服青葉城西高校ラバーマスコット,330,,,残り1点
60f640d403e5944bc2188149,ハイキュー!!　金田一勇太郎　ハイキュー！！にとたん制服青葉城西高校ラバーマスコット,330,,,残り1点
60f640d003e5944bc218813f,ハイキュー!!　渡親治　ハイキュー!!にとたんラバーマスコット青葉城西高校ユニフォーム,330,,,残り1点
60f640cc03e5944bc2188137,ハイキュー!!　金田一勇太郎　ハイキュー!!にとたんラバーマスコット青葉城西高校ユニフォーム,330,,,残り1点
60f3d41de45a991cc0317f3e,ハイキュー!!　日向翔陽　にとたんハイキュー!!烏野高校（ユニフォーム）　ラバーマスコット,880,,,残り1点
60f3d1a503e59424cc982a06,ハイキュー!!　渡親治　にとたんハイキュー！！　ジャージvol.4ラバーマスコット,330,,,残り1点
60f3c453e45a991cc0317d97,ハイキュー!!　山本猛虎　にとたん　ハイキュー!!　ジャージvol.2ラバーマスコット,330,,,残り1点
60f3c452e45a991cc0317d95,ハイキュー!!　京谷賢太郎　にとたん　ハイキュー!!　ジャージvol.2ラバーマスコット,330,,,残り1点
60f3c2bd03e59424cc98288a,ハイキュー!!　千鹿谷栄吉　にとたんハイキュー!!全日本ユース強化合宿ラバーマスコット,330,,,残り1点
60f3c2bc03e59424cc982888,ハイキュー!!　古森元也にとたんハイキュー!!全日本ユース強化合宿ラバーマスコット,880,,,残り1点
60f3c2b903e59424cc982880,ハイキュー!!　宮侑　にとたんハイキュー!!全日本ユース強化合宿ラバーマスコット,"1,650",,,残り1点
60f3c2b803e59424cc98287e,ハイキュー!!　影山飛雄　にとたんハイキュー!!全日本ユース強化合宿ラバーマスコット,"1,650",,,残り1点
60f3bb55e45a991cc0317c9f,ハイキュー!!　牛島若利　にとたんハイキュー!!ジャージラバーマスコット,880,,,残り1点
60f3bb53e45a991cc0317c9a,ハイキュー!!　木兎光太郎　にとたんハイキュー!!ジャージラバーマスコット,880,,,残り1点
60f3bb4fe45a991cc0317c8e,ハイキュー?影山飛雄にとたんハイキュー!!ジャージラバーマスコット,"1,100",,,残り1点
60f3b23d180195327ce202d0,ハイキュー!!　赤葦京治　にとたん　ハイキュー!!朝　ラバーマスコット,"1,100",,,残り1点
60f3b23c180195327ce202ce,ハイキュー!!　木兎光太郎　にとたん　ハイキュー!!朝　ラバーマスコット,880,,,残り1点
60f3b238180195327ce202c5,ハイキュー!!　孤爪研磨　にとたん　ハイキュー!!朝　ラバーマスコット,"1,100",,,残り1点
60f3b235180195327ce202be,ハイキュー!!　日向翔陽　にとたん　ハイキュー!!朝　ラバーマスコット,880,,,残り1点
60dda3253c394d4cb1d81695,ハイキュー!!　影山飛雄　CoLottaアクリルプレートキーホルダー,"1,650",,,残り2点
60dda3243c394d4cb1d81693,ハイキュー!!　日向翔陽　CoLottaアクリルプレートキーホルダー,880,,,残り1点
61012284e45a9974ecfe58e8,ハイキュー!!　黒尾鉄朗　アクリルキーホルダーコレクション　“HEROES”黒尾鉄朗&木兎光太郎,"1,100",,,残り1点
61012282e45a9974ecfe58e1,ハイキュー!!　木兎光太郎　アクリルキーホルダーコレクション　“HEROES”黒尾鉄朗&木兎光太郎,"1,100",,,残り1点
60dda3163c394d4cb1d8166a,ハイキュー!!　黒尾鉄朗　3層プリントアクリルキーホルダー,"5,500",,,残り1点
60dda3143c394d4cb1d81663,ハイキュー!!　白布賢二郎　3層プリントアクリルキーホルダー,"5,500",,,残り1点
610135da18019549c62bbf0b,ハイキュー!!　星海光来　コースター,110,,,残り1点
60dda3263c394d4cb1d81698,ハイキュー!!　月島蛍　CoLotta　アクリルプレートキーホルダー,"1,650",,,残り1点
608cda19935fcc2e7d3bd71c,ハイキュー!!　青根高伸　缶バッジコラボフードver,220,,,残り1点
61012285e45a9974ecfe58eb,ハイキュー!!　黒尾鉄朗　アクリルキーホルダーコレクション　“HEROES”黒尾鉄朗&木兎光太郎,"1,100",,,残り1点
61012283e45a9974ecfe58e3,ハイキュー!!　木兎光太郎　アクリルキーホルダーコレクション　“HEROES”黒尾鉄朗&木兎光太郎,"1,100",,,残り1点
60a63091f8440a24a5629046,ハイキュー!!　黒尾鉄朗　缶バッジコレクション　フルカラー,880,,,残り1点
609b63c8935fcc75254fc934,ハイキュー!!　二口堅治　75mm缶バッジ,550,,,残り1点
609665062f7b3b4922c38851,ハイキュー!!　牛島若利　75mm缶バッジ　(追加),550,,,残り1点
608cda0c935fcc2e7d3bd6cf,ハイキュー!!　影山飛雄　缶バッジ(小),550,,,残り1点
6094f97c4f443015f24a4357,【イタミ有】ハイキュー!!　牛島若利缶バッジ,550,,,残り1点
6100d9c103e59462490fa69a,ハイキュー!!　瀬見英太・大平獅音・山形隼人　コースター,110,,,残り1点
60eaab3ccfcd9403d02cb5d1,ハイキュー!!西谷夕BEAMSコラボパーカー男性用XS,"3,850",,,残り1点
608fa2f34f443053c2284058,【イタミ有】ハイキュー‼　灰羽リエーフ　365日ステッカー,"1,650",,,残り1点
608fa2f24f443053c228404d,【イタミ有】ハイキュー‼　花巻貴大　365日ステッカー,"1,650",,,残り1点
608fa2f14f443053c2284048,【イタミ有】ハイキュー‼　月島蛍　365日ステッカー,"3,300",,,残り1点
608fa2f04f443053c2284044,【イタミ有】ハイキュー‼　犬岡走　365日ステッカー,"2,200",,,残り1点
608fa2f04f443053c2284042,【イタミ有】ハイキュー‼　影山飛雄　365日ステッカー,"4,400",,,残り1点
608e849c4f443053c2282643,ハイキュー‼　菅原孝支　365日ステッカー,"1,100",,,残り1点
60e6b33acfcd946e710ef025,ハイキュー!!　赤葦京治　アクリルフィギュアコレクションハイキュー!!展東京,"1,650",,,
608cda2f935fcc2e7d3bd79c,ハイキュー!!　宮治　缶バッジTOTHETOPVer.第2弾,880,,,
608cda2e935fcc2e7d3bd798,ハイキュー!!　北信介　缶バッジTOTHETOPVer.第2弾,880,,,
623420e06b36fa2c4d12663b,ハイキュー!!　月島蛍　ウィッグ,"3,300",,,残り1点
623420dc6b36fa2c4d126636,ハイキュー!!宮侑ウィッグ,"2,750",,,残り1点
61d664b9e7f5ce6f5dfa69d0,ハイキュー!!澤村大地ウィッグ,"2,200",,,残り1点
609638294f44303af631d7bb,ハイキュー!!　赤葦京治　缶バッジ,880,,,残り2点
6096145e4f44303af631d40f,ハイキュー!!　赤葦京治　缶バッジ,880,,,残り3点
608cda09935fcc2e7d3bd6bc,ハイキュー!!　牛島若利　缶バッジ,220,,,残り1点
60f3c9cbe45a991cc0317e2b,ハイキュー!!　牛島若利　にとたんハイキュー!!烏野高校VS白鳥沢学園高校ラバーマスコット,880,,,残り1点
60bf31718473964781509395,ハイキュー!!　黒尾鉄朗　ハイキュー！！TOTHETOP振り向き缶バッジ,330,,,
60c6ea0d3c394d5fb5208b36,ハイキュー!!　月島蛍　ハイキュー!!TOTHETOPトレーディングBIG缶バッジ～Autumn&Winter～,880,,,残り1点
60f3b56e180195327ce20329,ハイキュー!!　木兎光太郎にとたんペイントスーツラバーマスコット,880,,,残り1点
60f3b567180195327ce20315,ハイキュー!!　日向翔陽　にとたんペイントスーツラバーマスコット,880,,,残り1点
60d147c68473965338ce4653,ハイキュー!!　黒尾鉄朗　ハイキューピー　コラボ　缶バッジ,880,,,残り3点
60d147c38473965338ce464a,ハイキュー!!　月島蛍　ハイキューピー　コラボ　缶バッジ,880,,,残り2点
60d186628473963dbf0f7283,ハイキュー!!　月島蛍　ハイキュー!!　ジャンプ!　トレーディング缶バッジ,880,,,残り1点
60e67c2d3c394d7548a2bfd3,【細かいキズ有】ハイキュー!!　田中龍之介　入場者特典：ミニアクリルスタンディ,330,,,残り1点
60f6674303e5947b0c63e5f6,ハイキュー!!　牛島若利　にとたんハイキュー!!白鳥沢学園高校ラバーストラップ,880,,,残り1点
60ec5f58cfcd94366235173a,【開封済み】ハイキュー!!　及川徹　にとたん　ハイキュー！！私服ラバーマスコット,"1,650",,,残り1点
60ec5f55cfcd943662351733,ハイキュー!!　影山飛雄　にとたん　ハイキュー！！私服ラバーマスコット,"1,650",,,残り1点
60ec5f54cfcd943662351731,ハイキュー!!　日向翔陽　にとたん　ハイキュー！！私服ラバーマスコット,"1,100",,,残り1点
60ec5ab93c394d23b2b0abe1,ハイキュー!!　赤葦京治　にとたんハイキュー!!縁日ラバーマスコット,"1,100",,,残り1点
60ec5ab93c394d23b2b0abdd,ハイキュー!!　木兎光太郎　にとたんハイキュー!!縁日ラバーマスコット,880,,,残り1点
60ec5ab53c394d23b2b0abd2,ハイキュー!!　影山飛雄　にとたんハイキュー!!縁日ラバーマスコット,"1,100",,,残り1点
60ec5ab43c394d23b2b0abd0,ハイキュー!!日向翔陽　にとたんハイキュー!!　縁日ラバーマスコット,880,,,残り1点
60d147918473965338ce45b6,ハイキュー!!　赤葦京治　ハイキュー！！/トレーディング缶バッチ(準備),880,,,残り2点
60d147013c394d03df257d24,ハイキュー!!　花巻貴大にとたんハイキュー!!缶バッジ　青葉城西高校,330,,,残り3点
60d146d83c394d03df257ca6,ハイキュー!!　日向翔陽　にとたんハイキュー!!缶バッジジャージ,220,,,残り2点
60d146b93c394d03df257c3e,ハイキュー!!　黒尾鉄朗　ハイキュー　3D缶バッジ,880,,,残り1点
60d146b63c394d03df257c34,ハイキュー!!　影山飛雄　ハイキュー　3D缶バッジ,880,,,残り3点
60d146b63c394d03df257c31,ハイキュー!!　日向翔陽　ハイキュー　3D缶バッジ,550,,,
60c6ea313c394d5fb5208bb7,ハイキュー!!　牛島若利　ハイキュー!!TOTHETOP　下校缶バッジ,220,,,残り1点
60c6e9d63c394d5fb5208a71,ハイキュー!!　黒尾鉄朗　ハイキュー　朝トレーディング缶バッジ,880,,,残り2点
60bf317684739647815093a8,ハイキュー!!　影山飛雄　ハイキュー！！TOTHETOPスタート！缶バッジ,330,,,
60bf2bcfcfcd947753920e37,ハイキュー!!　赤葦京治　ハイキュー!!TOTHETOP　キャラバッジコレクション,880,,,残り2点
60bf2bc8cfcd947753920e1b,ハイキュー!!　黒尾鉄朗　ハイキュー!!TOTHETOP　キャラバッジコレクション　デフォルメ,880,,,残り3点
60bf2bc7cfcd947753920e16,ハイキュー!!　東峰旭　ハイキュー!!TOTHETOP　キャラバッジコレクション　デフォルメ,220,,,残り2点
60a1034715fcf410a4a676db,ハイキュー!!　赤葦京治　ハイキュー!!セカンドシーズン　缶バッジ,880,,,残り1点
60d186668473963dbf0f7291,ハイキュー!!　宮治　ハイキュー!!ジャンプ!トレーディング缶バッジ,880,,,
60c6e9ff3c394d5fb5208b01,ハイキュー!!　宮治　缶バッジ「ハイキュー!!」04,"1,320",,,残り2点
60c6e9fe3c394d5fb5208aff,ハイキュー!!　宮侑　缶バッジ「ハイキュー!!」04,"1,320",,,残り2点
60c6e9f13c394d5fb5208ad0,ハイキュー!!　田中龍之介　缶バッジ「ハイキュー!!」03,440,,,残り1点
60c6e9ed3c394d5fb5208ac4,ハイキュー!!　日向翔陽　缶バッジ「ハイキュー!!」03,880,,,残り1点
60f3b56f180195327ce2032b,ハイキュー!!　赤葦京治にとたんペイントスーツラバーマスコット,"1,100",,,残り1点
60f3b56d180195327ce20325,ハイキュー!!　及川徹　にとたんペイントスーツラバーマスコット,"1,100",,,残り1点
60f3b568180195327ce20317,ハイキュー!!　影山飛雄　にとたんペイントスーツラバーマスコット,"1,100",,,残り1点
60bf31c184739647815094bb,ハイキュー!!　日向翔陽　キャラバッジコレクション,550,,,残り1点
60bf2b3ecfcd947753920c10,ハイキュー!!　牛島若利　トレーディング缶バッジ（振り向き）,550,,,残り3点
608fa2f44f443053c228405a,【イタミ有】ハイキュー‼　菅原孝支　365日ステッカー,"1,650",,,残り1点
60e67c2b3c394d7548a2bfcc,【細かいキズ有】ハイキュー!!　月島蛍　入場者特典：ミニアクリルスタンディ,"1,100",,,残り2点
60bf2b49cfcd947753920c35,ハイキュー!!　西谷夕　クリスマス缶バッジ,550,,,残り1点
623420de6b36fa2c4d126638,ハイキュー!!　黒尾鉄朗　ウィッグ,"4,400",,,残り1点
6107936558d2e57938c9560b,ハイキュー　月島蛍　365日ステッカー,"1,100",,,残り1点
60c6ea073c394d5fb5208b1c,ハイキュー!!　宮治　ジャンプ！　缶バッジ,330,,,
60c6ea063c394d5fb5208b1a,ハイキュー!!　宮侑　ジャンプ！　缶バッジ,330,,,
60bf318084739647815093cd,ハイキュー!!　及川徹　缶バッジコレクション,880,,,残り1点
60bf2bf0cfcd947753920eb1,ハイキュー!!　赤葦京治　缶バッジ,880,,,残り1点
60bf2beecfcd947753920ea6,ハイキュー!!　黒尾鉄朗　缶バッジ,880,,,残り1点
60bf2bebcfcd947753920e9c,ハイキュー!!　影山飛雄　缶バッジ,880,,,残り3点
60bf2be0cfcd947753920e6e,ハイキュー!!　山口忠　SD缶バッジ,220,,,残り1点
60bf2b47cfcd947753920c31,ハイキュー!!　月島蛍　クリスマス缶バッジ,880,,,残り1点
60dda32b3c394d4cb1d816a8,ハイキュー!!　孤爪研磨　CoLotta　アクリルプレートキーホルダー,"1,650",,,残り2点
60dda3223c394d4cb1d8168f,ハイキュー!!　木兎光太郎　アクリルスタンドキーホルダーコラボフードver,880,,,
60f67b071801956eca4eb915,【イタミ有】ハイキュー!!　月島蛍　365日ステッカー　(2017/9/27),"3,300",,,残り1点
60dda3283c394d4cb1d816a0,ハイキュー!!　田中龍之介　CoLotta　アクリルプレートキーホルダー,330,,,残り1点
60dda3233c394d4cb1d81691,ハイキュー!!　赤葦京治　アクリルスタンドキーホルダーコラボフードver,"1,100",,,残り2点
60dda3223c394d4cb1d8168c,ハイキュー!!　二口堅治　アクリルスタンドキーホルダーコラボフードver,880,,,残り2点
60dda3213c394d4cb1d8168a,ハイキュー!!　青根高伸　アクリルスタンドキーホルダーコラボフードver,330,,,残り3点
60dda31e3c394d4cb1d81683,ハイキュー!!　黒尾鉄朗　アクリルスタンドキーホルダーコラボフードver,"1,100",,,
60dda31d3c394d4cb1d8167e,ハイキュー!!　山口忠　アクリルスタンドキーホルダーコラボフードver,330,,,残り1点
60a09094f8440a13a63f383a,ハイキュー!!　牛島若利　特典レザー風缶バッジ,550,,,残り1点
608cda18935fcc2e7d3bd71a,ハイキュー!!　赤葦京治　缶バッジコラボフードver,880,,,残り3点
60f67b061801956eca4eb913,【イタミ有】ハイキュー!!　及川徹　365日ステッカー　(2018/7/20),"3,300",,,残り1点
60f67b011801956eca4eb904,【イタミ有】ハイキュー!!　及川徹　365日ステッカー　(2016/7/20),"3,300",,,残り1点
60f67b011801956eca4eb902,【イタミ有】ハイキュー!!　影山飛雄　365日ステッカー　(2018/12/22),"2,200",,,残り1点
60f67afb1801956eca4eb8ef,【イタミ有】ハイキュー!!　影山飛雄　365日ステッカー　(2018/12/23),"1,650",,,残り1点
60f67afa1801956eca4eb8ed,【イタミ有】ハイキュー!!　黒尾鉄朗　365日ステッカー　(2017/11/17),"1,100",,,残り1点
608fa2ef4f443053c228403d,【イタミ有】ハイキュー‼　澤村大地・東峰旭　365日ステッカー,"2,200",,,残り1点
608e849b4f443053c228263a,【イタミ有】ハイキュー‼　夜久衛輔　365日ステッカー,"2,200",,,残り1点
608d283e935fcc2e7d3be2e4,【イタミ有】ハイキュー‼　宮侑・宮治　365日ステッカー（2020/10/5）,"1,650",,,残り1点
608d283e935fcc2e7d3be2e0,【イタミ有】ハイキュー‼　日向翔陽　365日ステッカー（2020/6/21）,"1,100",,,残り1点
608d283d935fcc2e7d3be2dc,【イタミ有】ハイキュー‼　海信行365日ステッカー（2018/7/1）,550,,,残り1点
608d283d935fcc2e7d3be2d9,【イタミ有】ハイキュー‼　山本猛虎　365日ステッカー（2018/2/22）,550,,,残り1点
6100d01b18019576395e62a3,ハイキュー!!　日向翔陽・京谷賢太郎・黄金川貫至　アートコースター,220,,,残り1点
60d1a88e8473967a31d01ecb,ハイキュー!!　宮治　アニメ場面写真缶バッジ,880,,,残り1点
60d1a88b8473967a31d01ebf,ハイキュー!!　木下久志　アニメ場面写真缶バッジ,330,,,残り1点
609b6d454f443045bcd64278,ハイキュー!!　赤葦京治　75mm缶バッジ,880,,,残り2点
609b6d404f443045bcd6425d,ハイキュー!!　赤葦京治　56mm缶バッジ,"1,100",,,残り1点
6096650c2f7b3b4922c3886d,ハイキュー!!　赤葦京治　56mm缶バッジ,880,,,残り3点
609653264f44303af631dd27,ハイキュー!!　赤葦京治　56mm缶バッジ,880,,,残り3点
609614594f44303af631d3f4,ハイキュー!!　赤葦京治　オリジナル缶バッジ,"1,100",,,残り1点
608cda4e935fcc2e7d3bd859,ハイキュー!!　牛島若利　缶バッジコレクション,550,,,残り1点
608cda4e935fcc2e7d3bd856,ハイキュー!!　赤葦京治　缶バッジコレクション,880,,,残り1点
608cda4d935fcc2e7d3bd852,ハイキュー!!　夜久衛輔　缶バッジコレクション,550,,,残り1点
60960c014f44303af631d2ce,ハイキュー?　花巻貴大　オリジナル缶バッジ,550,,,残り1点
60d148138473965338ce4750,ハイキュー!!　大平獅音　キャラバッジコレクション　ハイキュー!!烏野高校VS白鳥沢学園高校,110,,,残り3点
60c6ea103c394d5fb5208b3f,ハイキュー!!　花巻貴大・松川一静　ハイキュー!!TOTHETOPトレーディングBIG缶バッジ～Autumn&Winter～,880,,,残り2点
60bf2bb3cfcd947753920dc9,ハイキュー!!　黒尾鉄朗　マスコット缶バッジ,330,,,
61b06710044609484b05e989,ハイキュー!!梟谷学園ジャージ女性用Mサイズ,"6,050",,,残り1点
60ec5f50cfcd943662351725,ハイキュー!!　黒尾鉄朗　にとたん　夏服　ラバーマスコット,"1,650",,,残り1点
60ec5f4fcfcd943662351720,ハイキュー!!　山口忠　にとたん　夏服　ラバーマスコット,550,,,残り1点
60ec5f4dcfcd943662351719,ハイキュー‼　影山飛雄　にとたん　夏服　ラバーマスコット,"1,650",,,残り1点
60ec5abf3c394d23b2b0abf0,ハイキュー!!　岩泉一　にとたん　ラバーマスコット制服　宮城組,"1,650",,,残り1点
60d159b3cfcd9475ebe9b879,ハイキュー!!　宮侑　まるかくカンバッジ2,880,,,残り2点
60d159b2cfcd9475ebe9b876,ハイキュー!!　赤葦京治　まるかくカンバッジ2,880,,,残り3点
60d159b0cfcd9475ebe9b86e,ハイキュー!!　孤爪研磨　まるかくカンバッジ2,880,,,残り1点
60d159aecfcd9475ebe9b867,ハイキュー!!　日向翔陽　まるかくカンバッジ2,550,,,残り2点
60d1480a8473965338ce4734,ハイキュー!!　及川徹　キャラバッジコレクション（ライバル校）,550,,,
60d148098473965338ce472f,ハイキュー!!　黒尾鉄朗　キャラバッジコレクション（ライバル校）,880,,,残り1点
60d148088473965338ce472d,ハイキュー!!　孤爪研磨　キャラバッジコレクション（ライバル校）,880,,,残り1点
60d148028473965338ce471a,ハイキュー!!　黒尾鉄朗　キャラバッジコレクション　セカンドシーズン,880,,,残り1点
60d147fc8473965338ce4703,ハイキュー!!　月島蛍　キャラバッジコレクション　セカンドシーズン,880,,,残り1点
60d147ae8473965338ce460e,ハイキュー!!　花巻貴大　シルキーバッジコレクション,880,,,残り1点
60c6ea1c3c394d5fb5208b6a,ハイキュー!!宮侑TOTHETOPスクエアCANバッジ,880,,,残り1点
60bf31d78473964781509501,ハイキュー!!　赤葦京治　キャラバッジコレクション,880,,,残り1点
60bf318c84739647815093f4,ハイキュー!!　赤葦京治　ポートレートトレーディング缶バッジ,880,,,残り1点
60bf318a84739647815093eb,ハイキュー!!　夜久衛輔　ポートレートトレーディング缶バッジ,550,,,
60bf2bddcfcd947753920e66,ハイキュー!!　赤葦京治　キャラバッジコレクション　応援団,880,,,残り1点
60bf2bafcfcd947753920dbc,ハイキュー!!　赤葦京治　缶バッジ準備,330,,,残り3点
60bf2b89cfcd947753920d25,ハイキュー!!　赤葦京治　缶バッジコレクション,880,,,残り2点
60bf2b3ecfcd947753920c0d,ハイキュー!!　赤葦京治　トレーディング缶バッジ（振り向き）,880,,,残り1点
60bf2b3bcfcd947753920c04,ハイキュー!!　黒尾鉄朗　トレーディング缶バッジ（振り向き）,880,,,残り3点
60bf2b3acfcd947753920bff,ハイキュー!!　影山飛雄　トレーディング缶バッジ（振り向き）,880,,,残り1点
60a630b0f8440a24a56290d5,【キズ有】ハイキュー!!　宮侑　スクエア缶バッジ,880,,,残り1点
60a630a5f8440a24a56290a0,ハイキュー!!　赤葦京治　缶バッジコレクション　フルカラー,880,,,
609f4229838d341415443cab,ハイキュー!!　牛島若利　にとたん缶バッジ,550,,,残り1点
60951484935fcc68498c6789,ハイキュー!!　牛島若利　メタリック缶バッジ　等身,880,,,残り1点
6087a38d2f7b3b0523e6a87b,"ハイキュー!!　及川徹　コレクション缶バッジ　“HEROES""　及川徹",880,,,残り1点
6087a3892f7b3b0523e6a86a,"ハイキュー!!　月島蛍　コレクション缶バッジ　“HEROES""　月島蛍",880,,,残り1点
60ec5ab83c394d23b2b0abd9,ハイキュー!!　黒尾鉄朗　にとたんハイキュー!!縁日ラバーマスコット,"1,100",,,残り1点
60d146de3c394d03df257cb6,ハイキュー!!　木兎光太郎にとたんハイキュー!!缶バッジジャージ,220,,,残り1点
60c6ea273c394d5fb5208b91,ハイキュー!!　黒尾鉄朗　ハイキュー!!TOTHETOP　TRADING缶バッジ3,330,,,残り2点
60f67b021801956eca4eb907,【イタミ有】ハイキュー!!　赤葦京治　365日ステッカー　(2016/2/7),"3,300",,,残り1点
60f3bedb180195327ce203fd,ハイキュー!!　犬岡走　にとたん制服音駒高校ラバーマスコット,330,,,残り1点
60f3bed9180195327ce203f9,ハイキュー!!　海信行　にとたん制服音駒高校ラバーマスコット,330,,,残り1点
60f3bed8180195327ce203f7,ハイキュー!!　山本猛虎　にとたん制服音駒高校ラバーマスコット,330,,,残り1点
60f3bd72e45a991cc0317cda,ハイキュー!!　木兎光太郎　にとたんラバーマスコット　ジャージVol.1,880,,,残り1点
60f3bd6ce45a991cc0317ccb,ハイキュー!!　日向翔陽　にとたんラバーマスコット　ジャージVol.1,880,,,残り1点
60f3b719e45a991cc0317bb8,ハイキュー!!　影山飛雄　にとたん烏野高校セカンドユニフォームラバーマスコット,"1,100",,,残り1点
60ed507903e594760b542365,ハイキュー!!犬岡走　にとたん　ラバーマスコット　音駒高校（ユニフォーム）,220,,,残り1点
60ed507603e594760b54235e,ハイキュー!!　山本猛虎　にとたん　ラバーマスコット　音駒高校（ユニフォーム）,220,,,残り1点
60d159b6cfcd9475ebe9b885,ハイキュー!!　日向翔陽　トレーディングAni-Art第5弾缶バッジ,550,,,残り1点
60bf2b94cfcd947753920d4d,ハイキュー!!　金田一勇太郎　Ani-Art缶バッジVer.B,220,,,残り3点
60ec5ab73c394d23b2b0abd6,ハイキュー!!　孤爪研磨　にとたんハイキュー!!　縁日ラバーマスコット,"1,100",,,残り1点
60d186638473963dbf0f7287,ハイキュー!!　黒尾鉄朗　ハイキュー!!ジャンプ!トレーディング缶バッジ,880,,,残り2点
60d147f68473965338ce46f1,ハイキュー!!　及川徹　ハイキュー!!トレーディング名場面缶バッジ,880,,,残り1点
60d147f18473965338ce46df,ハイキュー!!　宮侑　トレーディング缶バッジハイキュー！！TOTHETOPぎゅぎゅっと,880,,,残り1点
60d147e78473965338ce46c2,ハイキュー!!　影山飛雄　トレーディング缶バッジ　ハイキュー！！　TOTHETOP　ぎゅぎゅっと,880,,,残り1点
60d146ff3c394d03df257d20,ハイキュー!!　及川徹　にとたんハイキュー!!缶バッジ　青葉城西高校,330,,,残り1点
60c6ea2a3c394d5fb5208b9b,ハイキュー!!　宮治　ハイキュー!!TOTHETOP　TRADING缶バッジ3,330,,,
60c6ea003c394d5fb5208b05,ハイキュー!!　佐久早聖臣　缶バッジ「ハイキュー!!」04,550,,,残り1点
60c6e9f33c394d5fb5208adb,ハイキュー!!　木下久志・成田一仁　缶バッジ「ハイキュー!!」03,440,,,残り1点
60bf31a98473964781509461,ハイキュー!!　灰原リエーフ　ハイキュー!!TOTHETOPTRADING缶バッジ陸VS空,110,,,残り1点
60bf2bc9cfcd947753920e1d,ハイキュー!!　夜久衛輔　ハイキュー!!TOTHETOP　キャラバッジコレクション　デフォルメ,550,,,残り1点
60bf2ba7cfcd947753920d96,ハイキュー!!　田中龍之介　缶バッジ「ハイキュー!!」01/浴衣ver.,440,,,残り1点
60bf2ba5cfcd947753920d91,ハイキュー!!　山口忠　缶バッジ「ハイキュー!!」01/浴衣ver.,440,,,
60e67c343c394d7548a2bfe7,【細かいキズ有】ハイキュー!!　花巻貴大　入場者特典：ミニアクリルスタンディ,"1,100",,,残り2点
60e67c343c394d7548a2bfe4,【細かいキズ有】ハイキュー!!　岩泉一　入場者特典：ミニアクリルスタンディ,"1,100",,,残り3点
60dda33d3c394d4cb1d816da,ハイキュー!!　西谷夕　CoLotta　アクリルプレートキーホルダー第2弾,880,,,
60a09082f8440a13a63f37e0,ハイキュー!!　影山飛雄　缶バッジ,880,,,残り1点
609b7ec24f443045bcd6452e,ハイキュー!!　天童覚　「下校」缶バッジ,220,,,残り3点
60dda33c3c394d4cb1d816d5,ハイキュー!!　月島蛍　CoLotta　アクリルプレートキーホルダー第2弾,"1,650",,,残り3点
60dda33b3c394d4cb1d816d2,ハイキュー!!　影山飛雄　CoLotta　アクリルプレートキーホルダー　第2弾,"1,650",,,残り2点
60dda3333c394d4cb1d816bf,ハイキュー!!　西谷夕　トレーディングアクリルスタンドキーホルダーサマースタイル.ver,880,,,残り1点
60dda3433c394d4cb1d816e8,ハイキュー!!　北信介　CoLotta　アクリルプレートキーホルダー第2弾,"1,650",,,残り3点
60dda3423c394d4cb1d816e6,ハイキュー!!　宮治　CoLotta　アクリルプレートキーホルダー第2弾,"1,650",,,残り2点
60dda3413c394d4cb1d816e4,ハイキュー!!　宮侑　CoLotta　アクリルプレートキーホルダー第2弾,"1,650",,,
60dda33e3c394d4cb1d816dc,ハイキュー!!　田中龍之介　CoLotta　アクリルプレートキーホルダー　第2弾,330,,,残り1点
60dda33c3c394d4cb1d816d7,ハイキュー!!　山口忠　CoLotta　アクリルプレートキーホルダー第2弾,330,,,残り2点
60dda3393c394d4cb1d816ce,ハイキュー!!　北信介　トレーディングアクリルスタンドキーホルダーサマースタイル.ver,"1,650",,,残り2点
60dda3383c394d4cb1d816c9,ハイキュー!!　宮侑　トレーディングアクリルスタンドキーホルダーサマースタイル.ver,"1,650",,,残り3点
60dda3323c394d4cb1d816ba,ハイキュー!!　月島蛍　トレーディングアクリルスタンドキーホルダーサマースタイル.ver,"1,650",,,
60dda3313c394d4cb1d816b8,ハイキュー!!　影山飛雄　トレーディングアクリルスタンドキーホルダーサマースタイル.ver,"1,650",,,残り2点
60dda3303c394d4cb1d816b5,ハイキュー!!　日向翔陽　トレーディングアクリルスタンドキーホルダーサマースタイル.ver,880,,,残り2点
609665102f7b3b4922c38885,ハイキュー!!　赤葦京治　56mm缶バッジ　メタリックver,880,,,残り1点
6096037e4f44303af631d0d0,ハイキュー!!　赤葦京治　ちびキャラ飼育係ver.トレーディング缶バッジ,880,,,残り2点
6096037a4f44303af631d0b8,ハイキュー!!　赤葦京治　描き下ろしイラストレジャーver.BIG缶バッジ,"2,200",,,残り1点
622598e627107a5e2f5f938c,ハイキュー!!　宮治　ハイキュー!!スナップマイド,165,,,残り1点
622598cb27107a5e2f5f936d,ハイキュー!!　田中龍之介　ハイキュー!!スナップマイド,110,,,残り1点
622598ca27107a5e2f5f936b,ハイキュー!!　山口忠　ハイキュー!!スナップマイド,110,,,残り1点
622598b827107a5e2f5f9356,ハイキュー!!　天童覚　ハイキュー!!スナップマイド,110,,,残り1点
622598ad27107a5e2f5f9349,ハイキュー!!　武田一鉄　ハイキュー!!スナップマイド,110,,,残り1点
622598aa27107a5e2f5f9345,ハイキュー!!　清水潔子　ハイキュー!!スナップマイド,110,,,残り1点
622598a827107a5e2f5f9343,ハイキュー!!　木下久志　ハイキュー!!スナップマイド,110,,,残り1点
622598a627107a5e2f5f9340,ハイキュー!!　東峰旭　ハイキュー!!スナップマイド,110,,,残り1点
6225989f27107a5e2f5f9338,ハイキュー!!　田中龍之介　ハイキュー!!スナップマイド,110,,,残り1点
60c6ea0e3c394d5fb5208b39,ハイキュー!!黒尾鉄朗・夜久衛輔ハイキュー!!TOTHETOPトレーディングBIG缶バッジ～Autumn&Winter～,880,,,残り1点
6100db0103e59462490fa710,ハイキュー!!　日向翔陽　フォトカード＆ステッカーコレクション　第2弾,880,,,残り1点
60bf2b50cfcd947753920c50,ハイキュー!!　西谷夕　クリスマス　だえん缶バッジ,220,,,残り3点
60d159b7cfcd9475ebe9b88a,ハイキュー!!　月島蛍　トレーディングAni-Art第5弾缶バッジ,880,,,残り1点
60c6ea183c394d5fb5208b5e,ハイキュー!!　影山飛雄　TOTHETOPスクエアCANバッジ,880,,,残り1点
60eaab3fcfcd9403d02cb5db,ハイキュー!!青葉城西高校ジャージ　Sサイズ,"4,400",,,残り1点
60d159b0cfcd9475ebe9b870,ハイキュー!!　黒尾鉄朗　まるかくカンバッジ2,880,,,残り3点
61010d9918019558306017b7,ハイキュー!!　日向翔陽・影山飛雄　ステータスカード　シークレット,"1,650",,,残り1点
6100db0503e59462490fa71a,ハイキュー!!日向翔陽・影山飛雄　フォトカード＆ステッカーコレクション第2弾,"1,100",,,残り1点
60ec5f54cfcd94366235172e,【開封済み】ハイキュー!!　赤葦京治　にとたん　夏服　ラバーマスコット,"1,650",,,残り1点
60ec5ac03c394d23b2b0abf2,ハイキュー!!　牛島若利　にとたん　ラバーマスコット制服　宮城組,"1,100",,,残り1点
60ec5abd3c394d23b2b0abec,ハイキュー!!　影山飛雄　にとたん　ラバーマスコット制服　宮城組,"2,200",,,残り1点
60d159becfcd9475ebe9b89e,ハイキュー!!　赤葦京治　トレーディングAni-Art第5弾缶バッジ,880,,,残り1点
60d159bccfcd9475ebe9b897,ハイキュー!!　牛島若利　トレーディングAni-Art第5弾缶バッジ,550,,,残り1点
60d159b7cfcd9475ebe9b888,ハイキュー!!　影山飛雄　トレーディング　Ani-Art　第5弾缶バッジ,880,,,残り1点
60c6e9ea3c394d5fb5208ab8,ハイキュー!!　田中龍之介　Ani-Art第4弾缶バッジ,220,,,残り1点
60c6e9e83c394d5fb5208ab0,ハイキュー!!　月島蛍　Ani-Art第4弾缶バッジ,880,,,残り2点
60bf31d284739647815094ef,ハイキュー!!　木葉秋紀　トレーディング缶バッジ　-OneFineDay!-,"1,100",,,残り1点
60bf31d284739647815094ec,ハイキュー!!　赤葦京治　トレーディング缶バッジ-OneFineDay!-,880,,,残り1点
60bf31cc84739647815094dc,ハイキュー!!　影山飛雄　トレーディング缶バッジ　-OneFineDay!-,880,,,残り1点
60bf2b90cfcd947753920d41,ハイキュー!!　黒尾鉄朗　Ani-Art缶バッジVer.B,880,,,残り1点
6087a3692f7b3b0523e6a792,ハイキュー!!　赤葦京治　コレクション缶バッジ　第6弾,"1,650",,,残り2点
6246932727107a225a17bb55,ハイキュー!!白布賢二郎　ユニフォーム女性用Ｍサイズ,"3,300",,,残り1点
6246931d27107a225a17bb4a,ハイキュー!!日向翔陽　ユニフォーム女性用Ｍサイズ,"3,300",,,残り1点
61b0670a044609484b05e97e,ハイキュー!!　音駒高校ジャージ　女性用Mサイズ,"5,500",,,残り1点
61b06709044609484b05e97b,ハイキュー!!　音駒高校ジャージ　女性用Sサイズ,"6,050",,,残り1点
60ec5f4fcfcd943662351723,ハイキュー!!　孤爪研磨　にとたん　夏服　ラバーマスコット,"1,650",,,残り1点
60d159aecfcd9475ebe9b869,ハイキュー!!　影山飛雄　まるかくカンバッジ2,880,,,残り3点
60d148078473965338ce472a,ハイキュー!!　赤葦京治　キャラバッジコレクション　セカンドシーズン,880,,,残り3点
60bf31d684739647815094fd,ハイキュー!!　黒尾鉄朗　キャラバッジコレクション,880,,,
60bf31d584739647815094f9,ハイキュー!!　影山飛雄　キャラバッジコレクション,550,,,
60bf31d484739647815094f7,ハイキュー!!　日向翔陽　キャラバッジコレクション,330,,,残り1点
60bf2be6cfcd947753920e87,ハイキュー!!　山口忠　SD　MONO缶バッジ,220,,,残り1点
60bf2b5dcfcd947753920c7e,ハイキュー!!　影山飛雄　トレーディング缶バッジ(下校),880,,,残り1点
60a63087f8440a24a562901e,ハイキュー!!　赤葦京治　缶バッジコレクション　フルカラー,880,,,残り1点
609b7efe4f443045bcd6466b,ハイキュー!!　赤葦京治　キャラバッジコレクション,880,,,残り1点
60951036935fcc68498c66ce,ハイキュー!!　牛島若利　和紙缶バッジコレクション,550,,,残り2点
6094fe1e935fcc68498c6350,ハイキュー!!　赤葦京治　トレーディング　缶バッジ,880,,,残り3点
6087a3802f7b3b0523e6a829,ハイキュー!!赤葦京治　コレクション缶バッジ　プチ,880,,,
6087a3722f7b3b0523e6a7d3,ハイキュー!!　宮侑　コレクション缶バッジ　第8弾,"1,100",,,残り1点
6156e46558d2e5752331c07c,ハイキュー!!　北信介　ハイキュー!!ホログラム缶バッジ,"1,100",,,残り1点
6156e46458d2e5752331c07a,ハイキュー!!　赤葦京治　ハイキュー!!ホログラム缶バッジ,"1,100",,,残り1点
6156e46358d2e5752331c078,ハイキュー!!　赤葦京治　ハイキュー!!ホログラム缶バッジ,"1,100",,,残り1点
6156e46258d2e5752331c075,ハイキュー!!　月島蛍　ハイキュー!!ホログラム缶バッジ,"1,100",,,残り1点
6148531de406b824ce2f66f6,ハイキュー!!　月島蛍　ハイキュー!!にとたんマスコットと一緒!ラバーストラップ,"1,100",,,残り1点
6141765858d2e503489e5c8c,ハイキュー!!　東峰旭　ハイキュー!!箔押しミニ色紙コレクション,110,,,残り1点
622598eb27107a5e2f5f9392,ハイキュー!!　星海光来　ハイキュー!!スナップマイド,110,,,残り1点
622598cf27107a5e2f5f9371,ハイキュー!!　澤村大地　ハイキュー!!スナップマイド,110,,,残り1点
622598b627107a5e2f5f9353,ハイキュー!!　牛島若利　ハイキュー!!スナップマイド,110,,,残り1点
622598af27107a5e2f5f934b,ハイキュー!!　鵜飼繋心　ハイキュー!!スナップマイド,110,,,残り1点
6225989a27107a5e2f5f9332,ハイキュー!!　影山飛雄　ハイキュー!!スナップマイド,165,,,残り1点
619a12bcf77c76318c1b2d4f,ハイキュー!!宮治ハイキュー!!てのりんず,"1,100",,,残り1点
619a12bbf77c76318c1b2d4d,ハイキュー!!宮侑ハイキュー!!てのりんず,"1,100",,,残り1点
60bf318e84739647815093fc,ハイキュー!!　山口忠　タマゴ缶バッジ(烏野メンバー全員集合!),220,,,残り1点
60d301c78473962b60655447,ハイキュー!!　黒尾鉄朗　オールスター缶バッジ　43黒尾鉄朗-V.HEROES-,"1,650",,,残り3点
60bf31918473964781509407,ハイキュー!!　成田一仁　タマゴ缶バッジ(烏野メンバー全員集合!),220,,,残り1点
624699df4773a361a1f79ebb,ハイキュー!!白鳥沢学園高校バレーボール部(ジャージ)女性用Ｌサイズ,"6,050",,,残り1点
6206052f16e1e62f007849c1,ハイキュー!!山口忠烏野高校ユニフォーム女性用XLサイズ,"4,400",,,残り1点
6200a5b96b36fa212d0d958c,ハイキュー!!烏野高校ユニフォーム(番号無)女性用Ｍサイズ,"3,300",,,残り1点
61b06703044609484b05e973,ハイキュー!!　烏野高校ジャージ3点セット　女性用Sサイズ,"6,600",,,残り1点
60d5886c3c394d3d868d9e6f,ハイキュー!!　山本猛虎名場面缶バッジ音駒高校（デコレーション仕様）,220,,,残り1点
60d5886c3c394d3d868d9e6d,ハイキュー!!　灰羽リエーフ　名場面缶バッジ音駒高校（デコレーション仕様）,220,,,残り3点
60d1a34b8473963dbf0f80cd,ハイキュー!!　影山飛雄　オールスター缶バッジ　37影山飛雄-V.HEROES-,"1,650",,,残り1点
60d1a34a8473963dbf0f80cb,ハイキュー!!　影山飛雄　オールスター缶バッジ　32影山飛雄-V.HEROES-,"1,650",,,残り1点
60d1a3498473963dbf0f80c9,ハイキュー!!　影山飛雄　オールスター缶バッジ　42影山飛雄-V.HEROES-,"1,650",,,
60d147213c394d03df257d8d,ハイキュー!!　孤爪研磨　ロングカンバッジコレクション第3弾,880,,,残り1点
60bf2b60cfcd947753920c8c,【サビ有】ハイキュー!!　赤葦京治　トレーディング缶バッジ(下校),660,,,残り1点
609b7eeb4f443045bcd64601,ハイキュー!!　日向翔陽　メモリアル缶バッジ烏野（デコレーション仕様）,550,,,残り1点
609b7ee84f443045bcd645f4,ハイキュー!!　赤葦京治　メモリアル缶バッジ梟谷（デコレーション仕様）,880,,,残り1点
609b7ee84f443045bcd645f0,ハイキュー!!　赤葦京治　メモリアル缶バッジ梟谷（デコレーション仕様）,880,,,残り2点
609b7ee74f443045bcd645ed,ハイキュー!!　赤葦京治　メモリアル缶バッジ梟谷（デコレーション仕様）,880,,,残り1点
60950c5f2f7b3b2a8e7d6be5,ハイキュー!!　赤葦京治　東急ハンズ限定ちびキャラトレーディング缶バッジ,880,,,残り2点
6087a3682f7b3b0523e6a78b,ハイキュー!!　灰原リエーフ　コレクション缶バッジ　第6弾,550,,,残り1点
6100d9cf03e59462490fa6bb,ハイキュー!!　宮治　コースター,550,,,残り1点
61a1bc9ee7f5ce555217f147,ハイキュー宮侑アンブレラチャームコレクション,"1,100",,,残り1点
614c182caddb84417ee4158c,ハイキュー!!　集合　ステッカーくじ,550,,,残り1点
614c1822addb84417ee41577,ハイキュー!!集合ステッカーくじ,550,,,残り1点
614c181daddb84417ee41571,ハイキュー!!集合ステッカーくじ,550,,,残り1点
610135d918019549c62bbf09,ハイキュー!!　宮侑　コースター,330,,,残り1点
610135d518019549c62bbf01,ハイキュー!!　岩泉一　コースター,110,,,残り1点
616d22e0c9fd1f53ae5d0063,ハイキュー!!集合ステッカーくじ,550,,,残り1点
616d22dec9fd1f53ae5d0061,ハイキュー!!集合ステッカーくじ,550,,,残り1点
616d22ddc9fd1f53ae5d005f,ハイキュー!!集合ステッカーくじ,550,,,残り1点
616d22d4c9fd1f53ae5d004e,ハイキュー!!集合ステッカーくじ,550,,,残り1点
616d22c7c9fd1f53ae5d0035,ハイキュー!!集合ステッカーくじ,550,,,残り1点
616d22c5c9fd1f53ae5d0033,ハイキュー!!集合ステッカーくじ,550,,,残り1点
616d22bec9fd1f53ae5d0027,ハイキュー!!集合ステッカーくじ,550,,,残り1点
616d22bcc9fd1f53ae5d0024,ハイキュー!!集合ステッカーくじ,550,,,残り1点
61b6c45b044609283497de56,ハイキュー大耳練ハイキュー!!TOTHETOP　ミニアクリルスタンドコレクションB,330,,,残り1点
61b6c459044609283497de53,ハイキュー赤木路成ハイキュー!!TOTHETOP　ミニアクリルスタンドコレクションB,330,,,残り1点
61b6c458044609283497de50,ハイキュー銀島結ハイキュー!!TOTHETOP　ミニアクリルスタンドコレクションB,330,,,残り1点
61b6c456044609283497de4d,ハイキュー尾白アランハイキュー!!TOTHETOP　ミニアクリルスタンドコレクションB,330,,,残り1点
61b6c452044609283497de46,ハイキュー宮治ハイキュー!!TOTHETOP　ミニアクリルスタンドコレクションB,"1,650",,,残り1点
61b6c450044609283497de44,ハイキュー宮侑ハイキュー!!TOTHETOP　ミニアクリルスタンドコレクションB,"1,650",,,残り1点
61b6c44c044609283497de3b,ハイキュー孤爪研磨ハイキュー!!TOTHETOP　ミニアクリルスタンドコレクションB,"1,650",,,残り1点
61b6c44a044609283497de38,ハイキュー黒尾鉄朗ハイキュー!!TOTHETOP　ミニアクリルスタンドコレクションB,"1,650",,,残り1点
61b6c444044609283497de2e,ハイキュー成田一仁ハイキュー!!TOTHETOP　ミニアクリルスタンドコレクションB,330,,,残り1点
61b6c443044609283497de2c,ハイキュー木下久志ハイキュー!!TOTHETOP　ミニアクリルスタンドコレクションB,330,,,残り1点
61b6c440044609283497de26,ハイキュー西谷夕ハイキュー!!TOTHETOP　ミニアクリルスタンドコレクションB,"1,100",,,残り1点
61b6c43d044609283497de21,ハイキュー山口忠ハイキュー!!TOTHETOP　ミニアクリルスタンドコレクションB,330,,,残り1点
61b6c438044609283497de1b,ハイキュー日向翔陽ハイキュー!!TOTHETOP　ミニアクリルスタンドコレクションB,"1,100",,,残り1点
61b420dfe7f5ce7125554076,ハイキュー宮侑ハイキュー!!合同練習会2021ラバーマスコット,"1,100",,,残り1点
61b420dce7f5ce7125554071,ハイキュー木兎光太郎ハイキュー!!合同練習会2021ラバーマスコット,880,,,残り1点
61b420dae7f5ce712555406f,ハイキュー孤爪研磨ハイキュー!!合同練習会2021ラバーマスコット,"1,100",,,残り1点
61b420d9e7f5ce712555406c,ハイキュー黒尾鉄朗ハイキュー!!合同練習会2021ラバーマスコット,"1,100",,,残り1点
61b420d7e7f5ce7125554069,ハイキュー及川徹ハイキュー!!合同練習会2021ラバーマスコット,"1,100",,,残り1点
61b420d6e7f5ce7125554066,ハイキュー月島蛍ハイキュー!!合同練習会2021ラバーマスコット,"1,100",,,残り1点
61b420d4e7f5ce7125554063,ハイキュー影山飛雄ハイキュー!!合同練習会2021ラバーマスコット,"1,100",,,残り1点
61b420d3e7f5ce7125554061,ハイキュー日向翔陽ハイキュー!!合同練習会2021ラバーマスコット,880,,,残り1点
6136fe0ae406b81baa761b7c,ハイキュー!!　黒尾鉄朗　ハイキュー!!　にとたんボールチェーン付ぬいぐるみ黒尾のみ（ビブス）,"3,300",,,残り1点
61485323e406b824ce2f66ff,ハイキュー!!　木兎光太郎　ハイキュー!!にとたんマスコットと一緒!ラバーストラップ,880,,,残り1点
6148531ce406b824ce2f66f4,ハイキュー!!　影山飛雄　ハイキュー!!にとたんマスコットと一緒!ラバーストラップ,"1,100",,,残り1点
6148531ae406b824ce2f66f0,ハイキュー!!　日向翔陽　ハイキュー!!にとたんマスコットと一緒!ラバーストラップ,880,,,残り1点
6125d180addb843a54174afa,ハイキュー　尾白アラン　ハイキュー2021Apageofyouthコースター稲荷崎,110,,,残り1点
60c6e9f73c394d5fb5208ae8,ハイキュー!!　黒尾鉄朗　センター缶バッジ「ハイキュー!!」04,880,,,残り1点
60bf2ba5cfcd947753920d8f,ハイキュー!!　月島蛍　缶バッジ「ハイキュー!!」01/浴衣ver.,"1,320",,,残り1点
6221d72b0e017935360cd399,ハイキュー!!赤葦京治ハイキュー!!TOTHETOPミニアクリルスタンドコレクションA,"1,650",,,残り1点
6221d7230e017935360cd38f,ハイキュー!!孤爪研磨ハイキュー!!TOTHETOPミニアクリルスタンドコレクションA,"1,650",,,残り1点
6221d7220e017935360cd38c,ハイキュー!!黒尾鉄朗ハイキュー!!TOTHETOPミニアクリルスタンドコレクションA,"1,650",,,残り1点
6221d71e0e017935360cd388,ハイキュー!!菅原孝支ハイキュー!!TOTHETOPミニアクリルスタンドコレクションA,"1,650",,,残り1点
6221d71a0e017935360cd383,ハイキュー!!成田一仁ハイキュー!!TOTHETOPミニアクリルスタンドコレクションA,330,,,残り1点
6221d7190e017935360cd380,ハイキュー!!木下久志ハイキュー!!TOTHETOPミニアクリルスタンドコレクションA,330,,,残り1点
6221d7150e017935360cd37c,ハイキュー!!西谷夕ハイキュー!!TOTHETOPミニアクリルスタンドコレクションA,"1,100",,,残り1点
6221d7130e017935360cd379,ハイキュー!!田中龍之介ハイキュー!!TOTHETOPミニアクリルスタンドコレクションA,330,,,残り1点
6221d7110e017935360cd376,ハイキュー!!山口忠ハイキュー!!TOTHETOPミニアクリルスタンドコレクションA,330,,,残り1点
6221d70c0e017935360cd36c,ハイキュー!!日向翔陽ハイキュー!!TOTHETOPミニアクリルスタンドコレクションA,"1,100",,,残り1点
611a2fc8addb841aa82d2963,ハイキュー!!　月島蛍　トレーディングアクリルスタンド,"1,650",,,残り1点
6136fe09e406b81baa761b7a,【タグなし】ハイキュー!!　山口忠　ハイキュー!!　にとたんボールチェーン付ぬいぐるみ山口のみ（ビブス）,"1,650",,,残り1点
61370ba9e406b85430dce41a,ハイキュー!!　宮治　ハイキュー!!にとたんビーチバレーボールチェーン付ぬいぐるみ宮治,"2,200",,,残り1点
61370ba8e406b85430dce418,ハイキュー!!　宮侑　ハイキュー!!にとたんビーチバレーボールチェーン付ぬいぐるみ宮侑,"2,200",,,残り1点
61370ba4e406b85430dce40f,ハイキュー?木兎光太郎にとたん　ハイキュー!!ボールチェーン付ぬいぐるみ　木兎,"3,300",,,残り1点
61370ba3e406b85430dce40d,ハイキュー!!　孤爪研磨　にとたん　ハイキュー!!ボールチェーン付ぬいぐるみ　孤爪,"3,300",,,残り1点
61370b9de406b85430dce402,ハイキュー!!　日向翔陽　にとたん　ハイキュー!!ボールチェーン付ぬいぐるみ　日向,"3,300",,,残り1点
6136e0c1e406b87a6d27ce9a,ハイキュー!!　宮治　にとたんハイキュー!!　稲荷崎高校ボールチェーン付ぬいぐるみ　宮治,"2,200",,,残り1点
6136e0bbe406b87a6d27ce8d,ハイキュー!!　黒尾鉄朗　にとたんハイキュー!!　ペイントスーツボールチェーン付ぬいぐるみ黒尾,"2,200",,,残り1点
60f6a1e503e5944445e7bcec,ハイキュー!!　影山飛雄　ハイキュー!!　箔押しミニ色紙コレクション,880,,,残り1点
6136fe04e406b81baa761b71,ハイキュー!!　日向翔陽　にとたんハイキュー!!ボールチェーン付ぬいぐるみ日向のみ（夏服）,"3,300",,,残り1点
6146dbb4e406b824ce2f4945,ハイキュー!!及川徹缶バッジ,880,,,残り1点
61efb8fbcc3243455798c2c7,ハイキュー!!及川徹アクリルスタンドビーチバレー,"1,650",,,残り1点
615e91e4addb840de8b7af23,ハイキュー!!宮侑　トレーディング色紙コレクション,550,,,残り1点
615e91ddaddb840de8b7af16,ハイキュー!!宮治　和紙缶バッジ,880,,,残り1点
615e91dcaddb840de8b7af14,ハイキュー!!宮侑　和紙缶バッジ,880,,,残り1点
609ba4ad4f443057a5553d95,ハイキュー　北信介　缶バッジ,880,,,残り1点
61b6c402044609283497ddc2,ハイキュー!!宮侑缶バッジ,880,,,残り1点
61b6c3f8044609283497ddb5,ハイキュー!!山口忠缶バッジ,220,,,残り1点
6146dbcfe406b824ce2f4979,ハイキュー!!　月島蛍　缶バッジ,880,,,残り1点
6146dbb9e406b824ce2f494e,ハイキュー!!宮治缶バッジ,880,,,残り1点
6146dbb6e406b824ce2f4949,ハイキュー!!天童覚缶バッジ,550,,,残り1点
60dda3563c394d4cb1d8171c,ハイキュー!!　及川徹　トレーディングアクリルスタンド,"1,100",,,残り1点
621454336b36fa63032f5225,ハイキュー!!桐生八トランプ（バラ）,110,,,残り1点
6214542d6b36fa63032f521f,ハイキュー!!百沢雄大トランプ（バラ）,110,,,残り1点
621454176b36fa63032f5202,ハイキュー!!白馬芽生トランプ（バラ）,110,,,残り1点
621454036b36fa63032f51e7,ハイキュー!!越後栄トランプ（バラ）,110,,,残り1点
621453e66b36fa63032f51c5,ハイキュー!!成田一仁トランプ（バラ）,110,,,残り1点
621453e46b36fa63032f51c3,ハイキュー!!木下久志トランプ（バラ）,110,,,残り1点
6146dbbde406b824ce2f4955,ハイキュー!!　黒尾鉄朗缶バッジ,880,,,残り1点
6146dbb8e406b824ce2f494c,ハイキュー!!　牛島若利　缶バッジ,550,,,残り1点
6146dbb1e406b824ce2f4940,ハイキュー!!影山飛雄缶バッジ,880,,,残り1点
6100d9be03e59462490fa696,ハイキュー!!　牛島若利　コースター,330,,,残り1点
61b437da0446096a84f02252,ハイキュー!!星海光来ハイキュー!!おまんじゅうにぎにぎマスコットB,330,,,残り1点
619a12b6f77c76318c1b2d44,ハイキュー!!東峰旭ハイキュー!!おまんじゅうにぎにぎマスコットB,330,,,残り1点
620b27466b36fa19f567c55e,ハイキュー!!宮治アートコースター　FINAL,550,,,残り2点
620b27446b36fa19f567c55c,ハイキュー!!宮侑アートコースター　FINAL,550,,,残り1点
620b27ca6b36fa19f567c620,ハイキュー!!及川徹マグネットステッカーコレクション,880,,,残り1点
620b27c96b36fa19f567c61e,ハイキュー!!集合マグネットステッカーコレクション,550,,,残り1点
620b277a6b36fa19f567c5a9,ハイキュー!!西谷夕アートコースター　FINAL,330,,,残り1点
620b27766b36fa19f567c5a2,ハイキュー!!白馬芽生アートコースター　FINAL,110,,,残り1点
620b276f6b36fa19f567c598,ハイキュー!!田中龍之介アートコースター　FINAL,110,,,残り2点
620b27656b36fa19f567c589,ハイキュー!!及川徹アートコースター　FINAL,880,,,残り1点
620b275c6b36fa19f567c57d,ハイキュー!!天童覚アートコースター　FINAL,330,,,残り3点
620b27516b36fa19f567c56f,ハイキュー!!集合アートコースター　FINAL,330,,,残り2点
620b27506b36fa19f567c56c,ハイキュー!!集合アートコースター　FINAL,330,,,残り1点
620b274c6b36fa19f567c567,ハイキュー!!山口忠アートコースター　FINAL,110,,,残り3点
620b273b6b36fa19f567c54d,ハイキュー!!天童覚アートコースター　FINAL,330,,,残り1点
620b27336b36fa19f567c53f,ハイキュー!!及川徹アートコースター　FINAL,880,,,残り1点
61de9893cc3243326a7d4bf6,ハイキュー!!木兎光太郎ピクチャーズコレクション,550,,,残り1点
61de988bcc3243326a7d4be8,ハイキュー!!影山飛雄ピクチャーズコレクション,880,,,残り1点
61de988acc3243326a7d4be5,ハイキュー!!日向翔陽ピクチャーズコレクション,550,,,残り1点
61b420e7e7f5ce7125554083,ハイキュー宮治大判カード,880,,,残り1点
61fe013e6b36fa4b3af67079,【開封済み】ハイキュー!!宮治ハイキュー!!ふわコロりんスペシャル,"1,100",,,残り1点
61fe01396b36fa4b3af67072,【開封済み】ハイキュー!!赤葦京治ハイキュー!!ふわコロりんスペシャル,"1,100",,,残り1点
61fe01326b36fa4b3af67067,【開封済み】ハイキュー!!月島蛍ハイキュー!!ふわコロりんスペシャル,"1,100",,,残り1点
60a5f6e2f8440a25be765988,ハイキュー!!　黒尾鉄朗　缶バッジ,181,,,残り1点
61b98b78cc3243326d5613ca,ハイキュー!!黒尾鉄朗メタルチェーン,880,,,残り1点
61b98b77cc3243326d56138e,ハイキュー!!木兎光太郎メタルチェーン,550,,,残り1点
61b98b75cc3243326d561350,ハイキュー!!孤爪研磨メタルチェーン,880,,,残り1点
61b98b74cc3243326d561347,ハイキュー!!影山飛雄メタルチェーン,880,,,残り1点
61b98b6fcc3243326d56133e,ハイキュー!!宮治メタルチェーン,880,,,残り1点
61b98b6dcc3243326d56133b,ハイキュー!!宮侑メタルチェーン,880,,,残り1点
61b98b6ccc3243326d561338,ハイキュー!!日向翔陽メタルチェーン,550,,,残り1点
60a09086f8440a13a63f37f4,ハイキュー?　山口忠　缶バッジ,440,,,
60a09086f8440a13a63f37f2,ハイキュー!!　月島蛍　缶バッジ,880,,,残り1点
609ba4ad4f443057a5553d93,ハイキュー!!　宮治　缶バッジ,880,,,残り1点
609ba4ac4f443057a5553d91,ハイキュー!!　宮侑　缶バッジ,880,,,残り1点
609ba4a84f443057a5553d74,ハイキュー!!　月島蛍　缶バッジ,880,,,残り1点
608cd9f0935fcc2e7d3bd62b,ハイキュー!!　孤爪研磨　缶バッジ,550,,,残り1点
608cd9ec935fcc2e7d3bd613,ハイキュー!!　岩泉一　缶バッジ,110,,,残り1点
608cd9eb935fcc2e7d3bd60d,ハイキュー!!　東峰旭　缶バッジ,110,,,残り1点
614c180faddb84417ee4155e,ハイキュー!!及川徹ステッカーくじ,550,,,残り1点
609614504f44303af631d3bd,ハイキュー!!　岩泉一　シーンバッジコレクション,110,,,残り1点
62306c68eac9573167791aac,ハイキュー!!山口忠ホログラム缶バッジ,220,,,残り1点
621f0b096b36fa2eb7c5c8c2,ハイキュー!!月島蛍ホログラム缶バッジ,880,,,残り1点
62108c420e01794edd6d017e,ハイキュー!!宮治プロフィール缶バッジ,880,,,残り1点
62108c400e01794edd6d017c,ハイキュー!!宮侑プロフィール缶バッジ,880,,,残り1点
61fa141b16e1e63139bbe4a5,ハイキュー!!宮侑アクリルバッジコレクション,"1,100",,,残り1点
61dbb269cc32436c9ca5c0a4,ハイキュー!!宮治ふわコロりん,"1,100",,,残り1点
61dbb268cc32436c9ca5c0a2,ハイキュー!!宮侑ふわコロりん,"1,100",,,残り1点
61dbb266cc32436c9ca5c09f,ハイキュー!!北信介ふわコロりん,"1,100",,,残り1点
61aefec204460965226f8df8,ハイキュー!!北信介トレーディングルームキーホルダー,"1,100",,,残り1点
61aefec004460965226f8df3,ハイキュー!!宮侑トレーディングルームキーホルダー,"1,100",,,残り1点
61aefeb604460965226f8de5,ハイキュー!!宮治トレーディングアクリルバッジ,880,,,残り1点
61a5a12c04460969f0ca9f1e,ハイキュー宮治フェイスチャームコレクション,"1,100",,,残り1点
61a1bca1e7f5ce555217f14d,ハイキュー赤葦京治アンブレラチャームコレクション,"1,100",,,残り1点
6185e99bc9fd1f6ac85abb97,ハイキュー宮治ラバーコースター,"1,100",,,残り1点
6185e996c9fd1f6ac85abb8d,ハイキュー影山飛雄ラバーコースター,"1,100",,,残り1点
614c1834addb84417ee41598,ハイキュー!!　照島遊児　ステッカーくじ,330,,,残り1点
614c1831addb84417ee41594,ハイキュー!!　影山飛雄　ステッカーくじ,880,,,残り1点
614c1830addb84417ee41592,ハイキュー!!　西谷夕　ステッカーくじ,550,,,残り1点
614c182faddb84417ee41590,ハイキュー!!　日向翔陽　ステッカーくじ,550,,,残り1点
614c181eaddb84417ee41573,ハイキュー!!京谷賢太郎ステッカーくじ,330,,,残り1点
614c181aaddb84417ee4156d,ハイキュー!!木兎光太郎ステッカーくじ,"1,100",,,残り1点
614c1818addb84417ee41569,ハイキュー!!山口忠ステッカーくじ,330,,,残り1点
614c1813addb84417ee41563,ハイキュー!!影山飛雄ステッカーくじ,880,,,残り1点
614c180daddb84417ee41559,ハイキュー!!牛島若利ステッカーくじ,550,,,残り1点
614c180caddb84417ee41557,ハイキュー!!　菅原孝支　ステッカーくじ,"1,100",,,残り1点
614c180aaddb84417ee41554,ハイキュー!!　西谷夕　ステッカーくじ,550,,,残り1点
61209852e406b870a657bda5,ハイキュー!!宮侑トレーディングアクリルスタンド,"1,100",,,残り1点
6120984ee406b870a657bd98,ハイキュー!!　月島蛍　トレーディングアクリルスタンド,"1,100",,,残り1点
61208dad58d2e579275c8846,ハイキュー!!　北信介　アクリルキーホルダーコレクション,880,,,残り2点
61208dac58d2e579275c8843,ハイキュー!!　宮治　アクリルキーホルダーコレクション,"1,100",,,残り1点
61208dab58d2e579275c8840,ハイキュー!!　宮侑　アクリルキーホルダーコレクション,"1,100",,,残り1点
61208da558d2e579275c8832,ハイキュー!!　月島蛍　アクリルキーホルダーコレクション,"1,100",,,残り2点
610135d118019549c62bbef7,ハイキュー!!　影山飛雄　コースター,330,,,残り1点
610135d118019549c62bbef5,ハイキュー!!　日向翔陽　コースター,220,,,残り1点
60c6ea093c394d5fb5208b27,ハイキュー!!　宮侑　缶バッジ,880,,,残り1点
60a0909bf8440a13a63f385f,ハイキュー!!　黒尾鉄朗　缶バッジ,"1,100",,,
60a0909af8440a13a63f385a,ハイキュー!!　山口忠　缶バッジ,330,,,
60a09099f8440a13a63f3855,ハイキュー!!　影山飛雄　缶バッジ,"1,100",,,残り1点
60a09099f8440a13a63f3853,ハイキュー!!日向翔陽　缶バッジ,880,,,残り1点
609665132f7b3b4922c38894,ハイキュー!!　及川徹　オーバル缶バッジ,550,,,
609665112f7b3b4922c3888b,ハイキュー!!　月島蛍　オーバル缶バッジ,550,,,
609638294f44303af631d7b9,ハイキュー?木兎光太郎缶バッジ,550,,,残り1点
60961ee32f7b3b4922c37e11,ハイキュー!!　黒尾鉄朗　缶バッジ,"1,100",,,残り1点
6096145b4f44303af631d400,ハイキュー!!　影山飛雄　缶バッジ,550,,,
6096145b4f44303af631d3fe,ハイキュー!!　日向翔陽　缶バッジ,550,,,残り2点
609614514f44303af631d3c5,ハイキュー!!　月島蛍　シーンバッジコレクション,880,,,残り2点
6094f99c4f443015f24a440b,ハイキュー!!　孤爪研磨　カンバッジ,880,,,残り1点
6094f99a4f443015f24a4402,ハイキュー!!　影山飛雄　カンバッジ,880,,,残り2点
6094f99a4f443015f24a43ff,ハイキュー!!　日向翔陽　カンバッジ,550,,,残り1点
6094f9894f443015f24a43a3,ハイキュー!!　山口忠缶バッジ,330,,,残り2点
608cda4f935fcc2e7d3bd85f,ハイキュー!!　岩泉一　缶バッジコレクション,330,,,
608cda4c935fcc2e7d3bd84b,ハイキュー!!　月島蛍　缶バッジコレクション,880,,,残り1点
608cda3b935fcc2e7d3bd7ed,ハイキュー!!　黒尾鉄朗　缶バッジ,880,,,残り3点
608cda11935fcc2e7d3bd6ef,ハイキュー!!　滝ノ下祐輔　缶バッジ(小),110,,,残り3点
6094f98f4f443015f24a43c6,ハイキュー!!　岩泉一　ミニ缶バッジ,220,,,残り2点
6136fe0ee406b81baa761b82,【タグなし】ハイキュー!!　日向翔陽　にとたんハイキュー!!　ボールチェーン付ぬいぐるみ　日向のみ,"3,300",,,残り1点
61f8a9e516e1e64ac9c3c8c5,ハイキュー!!北信介キーホルダーコレクション,880,,,残り1点
61f8a9e316e1e64ac9c3c8c3,ハイキュー!!宮治キーホルダーコレクション,880,,,残り1点
61f8a9d516e1e64ac9c3c8ae,ハイキュー!!日向翔陽キーホルダーコレクション,550,,,残り1点
61f8a9d016e1e64ac9c3c8a5,ハイキュー!!宮治缶バッジ,880,,,残り1点
61f8a9ce16e1e64ac9c3c8a3,ハイキュー!!宮侑缶バッジ,880,,,残り1点
61f8a9cb16e1e64ac9c3c89f,ハイキュー!!木兎光太郎缶バッジ,550,,,残り1点
61f8a9c716e1e64ac9c3c899,ハイキュー!!孤爪研磨缶バッジ,880,,,残り1点
616d22cdc9fd1f53ae5d0042,ハイキュー!!山口忠ステッカーくじ,330,,,残り1点
61010d9118019558306017a2,ハイキュー!!　日向翔陽　ステータスカード,880,,,残り1点
61de9d2acc3243326a7d4c72,ハイキュー!!及川徹ステッカーくじ,"1,100",,,残り1点
61514b4ae406b8512201158f,ハイキュー!!　宮治　365日ステッカー,"3,300",,,残り1点
61fb5e9f6b36fa028c881709,ハイキュー!!木兎光太郎ミニ色紙,330,,,残り1点
6216102316e1e65f9ccd3900,ハイキュー!!澤村大地365日ステッカー,"1,650",,,残り1点
6216102016e1e65f9ccd38fc,ハイキュー!!山口忠365日ステッカー,"1,100",,,残り1点
6216101e16e1e65f9ccd38fa,ハイキュー!!山口忠365日ステッカー,"1,650",,,残り1点
61fb5eb96b36fa028c881732,ハイキュー!!北信介ステッカーコレクション,550,,,残り1点
61fb5eb76b36fa028c881730,ハイキュー!!宮治ステッカーコレクション,550,,,残り1点
61fb5eb56b36fa028c88172d,ハイキュー!!宮侑ステッカーコレクション,550,,,残り1点
61fb5eac6b36fa028c88171c,ハイキュー!!月島蛍ステッカーコレクション,550,,,残り1点
61fb5ea26b36fa028c88170d,ハイキュー!!宮侑ミニ色紙,550,,,残り1点
61de9d2dcc3243326a7d4c76,ハイキュー!!菅原孝支ステッカーくじ,"1,100",,,残り1点
61de9d25cc3243326a7d4c6a,ハイキュー!!黒尾鉄朗ステッカーくじ,"1,100",,,残り1点
61de9d24cc3243326a7d4c67,ハイキュー!!赤葦京治ステッカーくじ,"1,100",,,残り1点
61de9d22cc3243326a7d4c65,ハイキュー!!孤爪研磨ステッカーくじ,"1,100",,,残り1点
61de9d1fcc3243326a7d4c5f,ハイキュー!!日向翔陽ステッカーくじ,"1,650",,,残り1点
61c3fc22e7f5ce3242769f09,ハイキュー国見英365日ステッカー,"3,300",,,残り1点
61764a9c6580dc0d125c1c34,ハイキュー!!　月島蛍　ステッカーくじ,880,,,残り1点
616d22e1c9fd1f53ae5d0066,ハイキュー!!影山飛雄ステッカーくじ,880,,,残り1点
616d22d0c9fd1f53ae5d0047,ハイキュー!!影山飛雄ステッカーくじ,880,,,残り1点
616d22ccc9fd1f53ae5d003f,ハイキュー!!縁下力ステッカーくじ,330,,,残り1点
616d22c8c9fd1f53ae5d0038,ハイキュー!!影山飛雄ステッカーくじ,880,,,残り1点
61308b2358d2e540260ad0d2,ハイキュー!!　影山飛雄　ピクチャーズコレクション,880,,,残り1点
61308b2158d2e540260ad0cd,ハイキュー!!　影山飛雄　ピクチャーズコレクション,880,,,残り1点
61308b1a58d2e540260ad0bf,ハイキュー!!　天童覚　ピクチャーズコレクション,550,,,残り1点
61308b1658d2e540260ad0b4,ハイキュー!!　孤爪研磨　ピクチャーズコレクション,880,,,残り1点
61308b1558d2e540260ad0b1,ハイキュー!!　影山飛雄　ピクチャーズコレクション,880,,,残り1点
6120996aaddb8466aceb9172,ハイキュー!!　北信介　特典コースター,330,,,残り1点
61209969addb8466aceb916f,ハイキュー!!　宮治　特典コースター,330,,,残り1点
61209963addb8466aceb9160,ハイキュー!!　影山飛雄　特典コースター,330,,,残り1点
61209962addb8466aceb915d,ハイキュー!!　日向翔陽　特典コースター,220,,,残り1点
6100ce1418019576395e619f,ハイキュー!!　灰原リエーフ　アートコースター,220,,,残り1点
6100ce1318019576395e619b,ハイキュー!!　黒尾鉄朗　アートコースター,"1,100",,,残り1点
6100ce0718019576395e6181,ハイキュー!!　西谷夕　アートコースター,880,,,残り1点
6100ce0618019576395e617e,ハイキュー!!　山口忠　アートコースター,220,,,残り1点
61fb5ea76b36fa028c881715,ハイキュー!!角名倫太郎ミニ色紙,550,,,残り1点
61fb5e976b36fa028c8816fe,ハイキュー!!影山飛雄ミニ色紙,550,,,残り1点
61fb5e956b36fa028c8816fb,ハイキュー!!日向翔陽ミニ色紙,330,,,残り1点
61fb5ce10e017933e3a4f75e,ハイキュー!!月島蛍オリジナルポストカード,550,,,残り1点
61b6c437044609283497de17,ハイキュー赤木路成スクエアCANバッジハイキュー！！TOTHETOPVol.2稲荷崎高校BOX,220,,,残り1点
61b6c431044609283497de0e,ハイキュー北信介スクエアCANバッジハイキュー！！TOTHETOPVol.2稲荷崎高校BOX,880,,,残り1点
61b6c42d044609283497de08,ハイキュー宮治スクエアCANバッジハイキュー！！TOTHETOPVol.2稲荷崎高校BOX,880,,,残り1点
61b6c42c044609283497de05,ハイキュー宮治スクエアCANバッジハイキュー！！TOTHETOPVol.2稲荷崎高校BOX,880,,,残り1点
609b93334f443045bcd64da4,ハイキュー!!　金田一勇太郎　ハイキュー!!缶バッジ　～ハイキュー!!の日～　vol.2,550,,,残り3点
609b93324f443045bcd64d9c,ハイキュー!!　夜久衛輔　ハイキュー!!　缶バッジ　～ハイキュー!!の日～vol.2,880,,,
609b93314f443045bcd64d9a,ハイキュー!!　黒尾鉄朗　ハイキュー!!　缶バッジ　～ハイキュー!!の日～　vol.2,880,,,残り2点
609b932b4f443045bcd64d7c,ハイキュー!!　月島蛍　ハイキュー!!　缶バッジ　～ハイキュー!!の日～vol.1,880,,,
609b932b4f443045bcd64d7a,ハイキュー!!　影山飛雄　ハイキュー!!　缶バッジ　～ハイキュー!!の日～vol.1,880,,,
61370b9ce406b85430dce3ff,【タグなし】ハイキュー!!　木兎光太郎　にとたんハイキュー!!　ボールチェーン付ぬいぐるみ　木兎のみ（ジャージ）,"3,300",,,残り1点
6136fe05e406b81baa761b73,【タグなし】ハイキュー!!　影山飛雄　にとたんハイキュー!!ボールチェーン付ぬいぐるみ影山のみ（夏服）,"3,300",,,残り1点
60bf31698473964781509375,ハイキュー!!　月島蛍　缶バッジ「ハイキュー！！」02,"1,320",,,残り1点
609f4235838d341415443ce9,ハイキュー!!　宮侑『ハイキュー!!』缶バッジ宮侑,"1,650",,,残り2点
609ba4ba4f443057a5553ddd,ハイキュー!!　渡親治　ハイキュー　缶バッジ,110,,,残り3点
61010fe203e59443c642faa1,ハイキュー!!　赤葦京治　アクリルバッジコレクション,"1,650",,,残り1点
61ea858ee7f5ce6e9cdc5411,【チャーム単品】ハイキュー!!日向翔陽ハイキュー!!　特製引き出しBOX付きカステラ焼き　メタルチャーム,"1,650",,,残り1点
61b420cde7f5ce7125554056,ハイキュー黒尾鉄朗にとたんPlayingマスコットラバーマスコット,"1,100",,,残り1点
61efb900cc3243455798c2ce,ハイキュー!!赤葦京治アクリルスタンドビーチバレー,"1,650",,,残り1点
61efb8facc3243455798c2c5,ハイキュー!!日向翔陽アクリルスタンドビーチバレー,"1,100",,,残り1点
615e91dfaddb840de8b7af1a,ハイキュー!!赤葦京治　和紙缶バッジ,880,,,残り1点
615e91d9addb840de8b7af0f,ハイキュー!!孤爪研磨　和紙缶バッジ,880,,,残り1点
614176e8addb843e4280643e,ハイキュー!!　木兎光太郎・赤葦京治　色紙コレクション,"1,100",,,残り1点
611a2fc1addb841aa82d2951,ハイキュー!!　黒尾鉄朗　トレーディング缶バッジ,"1,320",,,残り1点
61011a5603e59443c64300c1,ハイキュー!!　日向翔陽　アクリルタグコレクション,"1,100",,,残り1点
61ea8593e7f5ce6e9cdc5417,【チャーム単品】ハイキュー!!佐久早聖臣ハイキュー!!　特製引き出しBOX付きカステラ焼き　メタルチャーム,"1,650",,,残り1点
620b279c6b36fa19f567c5dc,ハイキュー!!日向翔陽マグネットステッカーコレクション,330,,,残り1点
61fa141f16e1e63139bbe4ad,ハイキュー!!日向翔陽チャーム付きアクリルキーホルダー,550,,,残り1点
61fa141c16e1e63139bbe4a7,ハイキュー!!赤葦京治チャーム付きアクリルキーホルダー,880,,,残り1点
61b420d2e7f5ce712555405e,ハイキュー赤葦京治にとたんPlayingマスコットラバーマスコット,"1,100",,,残り1点
61b420c6e7f5ce7125554049,ハイキュー影山飛雄にとたんPlayingマスコットラバーマスコット,"1,100",,,残り1点
61b420c4e7f5ce7125554045,ハイキュー日向翔陽にとたんPlayingマスコットラバーマスコット,880,,,残り1点
6146dbbae406b824ce2f4950,ハイキュー!!　宮治・宮侑　缶バッジ,880,,,残り1点
6146dbb0e406b824ce2f493d,ハイキュー!!影山飛雄・日向翔陽缶バッジ,880,,,残り1点
611a301ae406b84d0f6100a7,ハイキュー!!　宮治　トレーディングボラロイド風ブロマイド,550,,,残り1点
611a3015e406b84d0f61009e,ハイキュー!!　黒尾鉄朗　トレーディングボラロイド風ブロマイド,550,,,残り1点
620b27256b36fa19f567c52a,ハイキュー!!宮侑箔押しイラストカードコレクション,"1,100",,,残り1点
6120942b58d2e579275c88d1,ハイキュー!!　宮侑　カラービーチモチーフリユースコースター,"1,100",,,残り1点
609646744f44303af631d985,ハイキュー!!　縁下力　たまご型缶バッジ,330,,,残り1点
621453fb6b36fa63032f51df,ハイキュー!!黄金川貫至トランプ（バラ）,110,,,残り1点
620b27c76b36fa19f567c61c,ハイキュー!!日向夏＆影山美羽マグネットステッカーコレクション,550,,,残り1点
620b27bb6b36fa19f567c609,ハイキュー!!及川徹＆岩泉一マグネットステッカーコレクション,"1,100",,,残り1点
620b27b36b36fa19f567c5ff,ハイキュー!!佐久早聖臣マグネットステッカーコレクション,330,,,残り1点
620b27ab6b36fa19f567c5f2,ハイキュー!!牛島若利マグネットステッカーコレクション,330,,,残り1点
620b27786b36fa19f567c5a5,ハイキュー!!佐久早聖臣アートコースター　FINAL,330,,,残り1点
620b27686b36fa19f567c58e,ハイキュー!!赤葦京治アートコースター　FINAL,550,,,残り1点
620b27606b36fa19f567c582,ハイキュー!!昼神幸郎アートコースター　FINAL,110,,,残り2点
620b27416b36fa19f567c557,ハイキュー!!木兎光太郎アートコースター　FINAL,330,,,残り2点
620b273a6b36fa19f567c54a,ハイキュー!!牛島若利アートコースター　FINAL,330,,,残り1点
620b27386b36fa19f567c547,ハイキュー!!二口堅治アートコースター　FINAL,330,,,残り2点
620b27316b36fa19f567c53d,ハイキュー!!影山飛雄アートコースター　FINAL,550,,,残り2点
620b27306b36fa19f567c53a,ハイキュー!!日向翔陽アートコースター　FINAL,330,,,残り1点
610135fb18019549c62bbf1a,ハイキュー!!　木兎光太郎　E賞　色紙,330,,,残り1点
60f6a1da03e5944445e7bce3,ハイキュー!!　宮侑　レジャーver.トレーディングミニ色紙,550,,,残り1点
609f422f838d341415443ccb,ハイキュー!!　及川徹mekke缶バッジ　第一弾,"5,500",,,残り1点
60963b414f44303af631d839,ハイキュー!!　黒尾鉄朗　キャラバッジコレクション,330,,,
608cda28935fcc2e7d3bd776,ハイキュー!!　澤村大地　缶バッジ　サマースタイル.ver,220,,,
608cda25935fcc2e7d3bd766,ハイキュー!!　日向翔陽　缶バッジ　サマースタイル.ver,330,,,残り1点
60d159b5cfcd9475ebe9b881,ハイキュー!!　角名倫太郎　まるかくカンバッジ2,880,,,残り1点
609665132f7b3b4922c38898,ハイキュー!!　木兎光太郎　オーバル缶バッジ,550,,,残り2点
609665122f7b3b4922c38892,ハイキュー!!　黒尾鉄朗　オーバル缶バッジ,550,,,残り3点
609653224f44303af631dd0d,ハイキュー!!　木兎光太郎　75mm缶バッジ,550,,,残り1点
609653204f44303af631dd05,ハイキュー!!　黒尾鉄朗75mm缶バッジ,880,,,残り3点
609653174f44303af631dccd,ハイキュー!!　黒尾鉄朗　56mm缶バッジ,880,,,残り3点
609653164f44303af631dccb,ハイキュー!!　孤爪研磨　56mm缶バッジ,880,,,残り1点
608cda4d935fcc2e7d3bd854,ハイキュー!!　木兎光太郎　缶バッジコレクション,550,,,残り1点
6087a3652f7b3b0523e6a77c,ハイキュー!!　西谷夕　コレクション缶バッジ　第6弾,880,,,残り1点
60963b434f44303af631d841,ハイキュー!!　牛島若利　キャラバッジコレクション,330,,,
609b63c6935fcc75254fc927,ハイキュー!!　日向翔陽　75mm缶バッジ,550,,,残り2点
61dbb237cc32436c9ca5c054,ハイキュー!!孤爪研磨ふわコロりん2,"1,100",,,残り1点
61bb0f17e7f5ce069eb38d26,ハイキュー!!月島蛍バースデイ缶バッジ月島蛍,"1,100",,,残り1点
61bb08fae7f5ce069eb38c54,ハイキュー!!宮侑キャラバッジコレクション　昼休憩,880,,,残り1点
60a09092f8440a13a63f382d,ハイキュー!!　及川徹　特典レザー風缶バッジ,"1,100",,,残り1点
609b75102f7b3b519f1224d2,ハイキュー?月島蛍44mm缶バッジ,330,,,残り2点
60963b424f44303af631d83e,ハイキュー!!　木兎光太郎　キャラバッジコレクション,440,,,残り1点
60963b414f44303af631d837,ハイキュー!!　影山飛雄　キャラバッジコレクション,550,,,残り1点
60963b414f44303af631d834,ハイキュー!!　日向翔陽　キャラバッジコレクション,440,,,残り2点
60960bf24f44303af631d277,ハイキュー!!　黒尾鉄朗　缶バッジコレクション,550,,,残り1点
608cda29935fcc2e7d3bd77f,ハイキュー!!　北信介　缶バッジサマースタイル.ver,880,,,残り2点
608cda29935fcc2e7d3bd77d,ハイキュー!!　宮治　缶バッジサマースタイル.ver,880,,,残り3点
608cda28935fcc2e7d3bd77b,ハイキュー!!　宮侑　缶バッジ　サマースタイル.ver,880,,,残り1点
608cda26935fcc2e7d3bd76b,ハイキュー!!月島蛍缶バッジサマースタイル.ver,880,,,残り2点
608cda24935fcc2e7d3bd75f,ハイキュー!!　及川徹　缶バッジ　TOTHETOPver.,"1,100",,,残り1点
608cda21935fcc2e7d3bd74d,ハイキュー!!　宮侑　缶バッジTOTHETOPver.,"1,100",,,残り1点
608cda1f935fcc2e7d3bd73f,ハイキュー!!　武田一鉄　缶バッジ　TOTHETOPver.,110,,,残り1点
608cda1f935fcc2e7d3bd73c,ハイキュー!!　東峰旭　缶バッジ　TOTHETOPver.,220,,,残り1点
608cda1e935fcc2e7d3bd736,ハイキュー!!　木下久志　缶バッジ　TOTHETOPver.,110,,,
608cda1d935fcc2e7d3bd734,ハイキュー!!　成田一仁　缶バッジ　TOTHETOPver.,110,,,
608cda1c935fcc2e7d3bd730,ハイキュー!!　田中龍之介　缶バッジ　TOTHETOPver.,220,,,残り3点
608cda1c935fcc2e7d3bd72c,ハイキュー!!　山口忠　缶バッジ　TOTHETOPver.,220,,,残り2点
608cda19935fcc2e7d3bd721,ハイキュー!!　金田一勇太郎　缶バッジ　コラボフードver,220,,,残り2点
608cda18935fcc2e7d3bd716,ハイキュー!!　黒尾鉄朗　缶バッジ　コラボフードver,550,,,
608cda17935fcc2e7d3bd713,ハイキュー!!　孤爪研磨　缶バッジ　コラボフードver,880,,,残り2点
608cda17935fcc2e7d3bd70e,ハイキュー!!　月島蛍　缶バッジ　コラボフードver,880,,,
608cda16935fcc2e7d3bd70c,ハイキュー!!　影山飛雄缶バッジコラボフードver,880,,,
608cda16935fcc2e7d3bd70a,ハイキュー!!　日向翔陽　缶バッジ　コラボフードver,330,,,
62306c66eac9573167791aaa,ハイキュー!!日向翔陽ホログラム缶バッジ,550,,,残り1点
62306c62eac9573167791aa6,ハイキュー!!赤葦京治ホログラム缶バッジ,880,,,残り1点
62108c310e01794edd6d0167,ハイキュー!!日向翔陽プロフィール缶バッジ,550,,,残り1点
61fa141716e1e63139bbe4a1,ハイキュー!!木兎光太郎アクリルバッジコレクション,880,,,残り1点
61fa141616e1e63139bbe49e,ハイキュー!!日向翔陽アクリルバッジコレクション,880,,,残り1点
61fa140e16e1e63139bbe492,ハイキュー!!影山飛雄アクリルバッジコレクション,"1,100",,,残り1点
61dbb274cc32436c9ca5c0b2,ハイキュー!!赤葦京治ふわコロりん3,"1,100",,,残り1点
61dbb264cc32436c9ca5c09c,ハイキュー!!影山飛雄ふわコロりん,"1,100",,,残り1点
61bb08f8e7f5ce069eb38c51,ハイキュー!!赤葦京治キャラバッジコレクション　昼休憩,880,,,残り1点
61bb08eee7f5ce069eb38c41,ハイキュー!!日向翔陽キャラバッジコレクション　昼休憩,550,,,残り1点
61b6c416044609283497dde0,ハイキュー!!角名倫太郎トレーディングshikaku缶バッジ,880,,,残り1点
61b6c414044609283497ddde,ハイキュー!!角名倫太郎トレーディングshikaku缶バッジ,880,,,残り1点
61b6c40e044609283497ddd5,ハイキュー!!宮治トレーディングshikaku缶バッジ,880,,,残り1点
61b6c40c044609283497ddd3,ハイキュー!!宮侑トレーディングshikaku缶バッジ,880,,,残り1点
61b6c409044609283497ddce,ハイキュー!!山口忠トレーディングshikaku缶バッジ,220,,,残り1点
61b6c406044609283497ddca,ハイキュー!!影山飛雄トレーディングshikaku缶バッジ,880,,,残り1点
61b6c405044609283497ddc8,ハイキュー!!日向翔陽トレーディングshikaku缶バッジ,550,,,残り1点
61b6c403044609283497ddc5,ハイキュー!!日向翔陽トレーディングshikaku缶バッジ,550,,,残り1点
61aefebe04460965226f8df0,ハイキュー!!影山飛雄トレーディングルームキーホルダー,"1,100",,,残り1点
61aefeaf04460965226f8dd8,ハイキュー!!北信介トレーディング缶バッジ　映画村Ver.,880,,,残り1点
61aefeac04460965226f8dd4,ハイキュー!!宮侑トレーディング缶バッジ　映画村Ver.,880,,,残り1点
61aefea904460965226f8dce,ハイキュー!!月島蛍トレーディング缶バッジ　映画村Ver.,880,,,残り1点
61aeea25e7f5ce5cdd5d3f00,ハイキュー!!山口忠描き下ろしイラストトレーディングアクリルキーホルダー,550,,,残り1点
61aeea23e7f5ce5cdd5d3efe,ハイキュー!!清水潔子描き下ろしイラストトレーディングアクリルキーホルダー,550,,,残り1点
61aeea22e7f5ce5cdd5d3efa,ハイキュー!!東峰旭描き下ろしイラストトレーディングアクリルキーホルダー,550,,,残り1点
61a5a12e04460969f0ca9f20,ハイキュー赤葦京治フェイスチャームコレクション,"1,100",,,残り1点
61a5a12504460969f0ca9f11,ハイキュー孤爪研磨フェイスチャームコレクション,"1,100",,,残り1点
61a5a12304460969f0ca9f0e,ハイキュー黒尾鉄朗フェイスチャームコレクション,"1,100",,,残り1点
6156bedae406b8774fd42b1a,【イタミ有】ハイキュー!!　北信介　缶バッジコレクション　グリッター,"2,200",,,残り1点
6156bed9e406b8774fd42b18,ハイキュー!!　宮治　缶バッジコレクション　グリッター,"2,200",,,残り1点
614c1823addb84417ee4157a,ハイキュー!!日向翔陽・影山飛雄ステッカーくじ,880,,,残り1点
614c181caddb84417ee4156f,ハイキュー!!木兎光太郎・赤葦京治ステッカーくじ,"1,100",,,残り1点
613dbdd158d2e531749b4178,ハイキュー!!　宮治　トレーディング　缶バッジ　傘ver.,880,,,残り1点
613dbdce58d2e531749b4173,ハイキュー!!　黒尾鉄朗　トレーディング缶バッジ傘ver.,880,,,残り1点
613dbdcd58d2e531749b4171,ハイキュー!!　孤爪研磨　トレーディング缶バッジ傘ver.,880,,,残り1点
613dbdcc58d2e531749b416f,ハイキュー!!　影山飛雄　トレーディング缶バッジ傘ver.,880,,,残り1点
613dbdcb58d2e531749b416d,ハイキュー!!　日向翔陽　トレーディング缶バッジ傘ver.,550,,,残り1点
613dbc4758d2e531749b4130,ハイキュー!!　宮治　切り絵シリーズ和紙缶バッジ,880,,,残り1点
613dbc4658d2e531749b412e,ハイキュー!!　宮侑　切り絵シリーズ和紙缶バッジ,880,,,残り1点
613dbc4158d2e531749b4126,ハイキュー!!　及川徹　切り絵シリーズ和紙缶バッジ,880,,,残り1点
613db8bce406b809bc7ba719,ハイキュー!!　北信介　缶バッジコレクション　フルカラー,880,,,残り1点
613db8bae406b809bc7ba717,ハイキュー!!　宮治　缶バッジコレクション　フルカラー,880,,,残り1点
613db8b9e406b809bc7ba715,ハイキュー!!　宮侑　缶バッジコレクション　フルカラー,880,,,残り1点
613db8b8e406b809bc7ba712,ハイキュー!!　天童覚缶バッジコレクション　フルカラー,550,,,残り1点
612dec1e58d2e54ebccc94a0,ハイキュー!!　月島蛍　のるキャラマスコット（R）,"1,650",,,残り1点
61209851e406b870a657bda2,ハイキュー!!　黒尾鉄朗　トレーディングアクリルスタンド,"1,100",,,残り1点
6120984be406b870a657bd94,ハイキュー!!　日向翔陽　トレーディングアクリルスタンド,880,,,残り1点
61208da958d2e579275c883d,ハイキュー!!　赤葦京治　アクリルキーホルダーコレクション,880,,,残り1点
61208da758d2e579275c8837,ハイキュー!!　黒尾鉄朗　アクリルキーホルダーコレクション,"1,100",,,残り1点
61208da358d2e579275c882e,ハイキュー!!　日向翔陽　アクリルキーホルダーコレクション,550,,,残り2点
60a63090f8440a24a5629044,ハイキュー!!　孤爪研磨　缶バッジコレクション　フルカラー,880,,,残り1点
609b6d3d4f443045bcd6424e,ハイキュー!!　孤爪研磨　56mm缶バッジ,"1,100",,,残り2点
609b6d3c4f443045bcd6424a,ハイキュー!!　月島蛍　56mm缶バッジ,"1,100",,,残り2点
609b66df2f7b3b519f1220de,ハイキュー!!　木兎光太郎　56mm缶バッジ,550,,,
609b63ca935fcc75254fc93b,ハイキュー!!　赤葦京治　75mm缶バッジ,550,,,
609b63c9935fcc75254fc939,ハイキュー!!　木兎光太郎　75mm缶バッジ,550,,,残り3点
609b63c7935fcc75254fc92f,ハイキュー!!　及川徹　75mm缶バッジ,880,,,残り2点
609b63c3935fcc75254fc913,ハイキュー!!　赤葦京治　カド丸缶バッジ,550,,,
609b63c1935fcc75254fc907,ハイキュー!!　及川徹　カド丸缶バッジ,880,,,残り1点
609b63c0935fcc75254fc904,ハイキュー!!　黒尾鉄朗　カド丸缶バッジ,880,,,
6096650b2f7b3b4922c3886a,ハイキュー!!　木兎光太郎　56mm缶バッジ,550,,,残り1点
6096650a2f7b3b4922c38865,ハイキュー!!　及川徹　56mm缶バッジ,550,,,
6096650a2f7b3b4922c38863,ハイキュー!!　黒尾鉄朗　56mm缶バッジ,550,,,
609665092f7b3b4922c38860,ハイキュー!!　孤爪研磨　56mm缶バッジ,880,,,残り2点
609665092f7b3b4922c3885c,ハイキュー!!　月島蛍　56mm缶バッジ,880,,,残り3点
609665082f7b3b4922c38859,ハイキュー!!　影山飛雄　56mm缶バッジ,550,,,
609665082f7b3b4922c38857,ハイキュー!!　日向翔陽　56mm缶バッジ,550,,,残り1点
609665052f7b3b4922c3884d,ハイキュー!!　及川徹　75mm缶バッジ(追加),880,,,残り1点
609665042f7b3b4922c38846,ハイキュー!!　山口忠　75mm缶バッジ(追加),330,,,残り2点
609658ec2f7b3b4922c38501,ハイキュー!!　及川徹　カド丸缶バッジ,550,,,
609658eb2f7b3b4922c384fa,ハイキュー!!　山口忠　カド丸缶バッジ,330,,,残り1点
609658eb2f7b3b4922c384f8,ハイキュー!!　月島蛍　カド丸缶バッジ,880,,,
609658ea2f7b3b4922c384f5,ハイキュー!!　影山飛雄　カド丸缶バッジ,550,,,
609658e72f7b3b4922c384e2,ハイキュー!!　月島蛍カド丸缶バッジ,880,,,残り1点
609653254f44303af631dd21,ハイキュー!!　及川徹　56mm缶バッジ,880,,,残り2点
609653244f44303af631dd1e,ハイキュー?黒尾鉄朗56mm缶バッジ,550,,,
6096531d4f44303af631dcef,ハイキュー!!　及川徹　75mm缶バッジ,880,,,残り1点
60964c04935fcc0dfb5f50b6,ハイキュー!!　天童覚　56mm缶バッジ,"3,300",,,残り2点
60964bff935fcc0dfb5f50a1,ハイキュー!　及川徹　成功賞　56mm缶バッジ,880,,,
609646884f44303af631d9f2,ハイキュー!!　月島蛍　56mm缶バッジ,880,,,残り1点
6096467a4f44303af631d9a8,ハイキュー!!　影山飛雄　56mm缶バッジ,"2,200",,,残り1点
609646764f44303af631d98f,ハイキュー!!　日向翔陽　スクエア缶バッジ,550,,,残り2点
609646734f44303af631d983,ハイキュー!!　田中龍之介　たまご型缶バッジ,330,,,残り2点
6096144d4f44303af631d3ae,ハイキュー!!　月島蛍・山口忠　シーンバッジコレクション,440,,,残り1点
6096144d4f44303af631d3ac,ハイキュー!!　影山飛雄　シーンバッジコレクション,880,,,残り3点
6096144d4f44303af631d3aa,ハイキュー!!　日向翔陽　シーンバッジコレクション,440,,,残り1点
6094f9a04f443015f24a442a,ハイキュー!!　黒尾鉄朗　缶バッジコレクション,550,,,
6094f99f4f443015f24a441f,ハイキュー!!　影山飛雄　缶バッジコレクション,880,,,残り2点
608cda4b935fcc2e7d3bd849,ハイキュー!!　影山飛雄　缶バッジコレクション,880,,,残り1点
608cda4b935fcc2e7d3bd847,ハイキュー!!　日向翔陽　缶バッジコレクション,550,,,残り2点
6087a3902f7b3b0523e6a88f,"ハイキュー!!　及川徹　コレクション缶バッジ　“HEROES""及川徹",880,,,残り1点
6087a3662f7b3b0523e6a77e,ハイキュー!!　田中龍之介　コレクション缶バッジ　第6弾,330,,,残り1点
6087a3652f7b3b0523e6a777,ハイキュー!!　月島蛍　コレクション缶バッジ　第6弾,"1,650",,,残り1点
61dbca1fcc32436c9ca5c2fe,ハイキュー!!集合アクリルバッジ青葉城西高校BOXB,220,,,残り1点
61dbb26ccc32436c9ca5c0a8,ハイキュー!!影山飛雄（制服Ver.)ふわコロりん,"1,650",,,残り1点
61d67577e7f5ce6f5dfa6c96,ハイキュー田中龍之介デコレクション缶バッジ　第１弾,330,,,残り1点
61bb08ede7f5ce069eb38c3f,ハイキュー!!宮治ミニ色紙コレクション　昼休憩,550,,,残り1点
61bb08ebe7f5ce069eb38c3c,ハイキュー!!宮侑ミニ色紙コレクション　昼休憩,550,,,残り1点
61bb08e7e7f5ce069eb38c36,ハイキュー!!　岩泉一ミニ色紙コレクション　昼休憩,110,,,残り1点
61bb08dee7f5ce069eb38c27,ハイキュー!!日向翔陽ミニ色紙コレクション　昼休憩,550,,,残り1点
61b6c427044609283497ddfc,ハイキュー宮治缶バッジ（デコレーション仕様）,880,,,残り1点
61b6c425044609283497ddf9,ハイキュー宮侑缶バッジ（デコレーション仕様）,880,,,残り1点
6161489de406b84bb4c63d4a,ハイキュー!!宮侑・宮治トレーディングshikaku缶バッジ,880,,,残り1点
6161489ce406b84bb4c63d48,ハイキュー!!宮治トレーディングshikaku缶バッジ,880,,,残り1点
61614899e406b84bb4c63d46,ハイキュー!!宮侑トレーディングshikaku缶バッジ,880,,,残り1点
61614898e406b84bb4c63d44,ハイキュー!!影山飛雄トレーディングshikaku缶バッジ,880,,,残り1点
61614897e406b84bb4c63d41,ハイキュー!!月島蛍トレーディングshikaku缶バッジ,880,,,残り1点
61614896e406b84bb4c63d3e,ハイキュー!!月島蛍トレーディングshikaku缶バッジ,880,,,残り1点
6120993d58d2e579275c8a87,ハイキュー!!　宮治　CoLottaトレーディングアクリルプレートキーホルダー,"1,650",,,残り1点
6120993558d2e579275c8a73,ハイキュー!!　西谷夕　CoLottaトレーディングアクリルプレートキーホルダー,"1,100",,,残り1点
6120993158d2e579275c8a6c,ハイキュー!!　影山飛雄　CoLottaトレーディングアクリルプレートキーホルダー,"1,650",,,残り1点
60960c024f44303af631d2d4,ハイキュー!!　金田一勇太郎　オリジナル缶バッジ,330,,,
60960c024f44303af631d2d1,ハイキュー!!　松川一静　オリジナル缶バッジ,550,,,残り2点
6216102216e1e65f9ccd38fe,ハイキュー!!菅原孝支365日ステッカー,"8,800",,,残り1点
61de9d2ccc3243326a7d4c74,ハイキュー!!木兎光太郎・赤葦京治ステッカーくじ,"1,100",,,残り1点
61dd446be7f5ce709b149eb5,ハイキュー!!宮侑箔押しミニ色紙コレクション,550,,,残り1点
61c3fc23e7f5ce3242769f0b,ハイキュー赤葦京治365日ステッカー,"2,200",,,残り1点
6188e04ff77c761783e1dd0a,ハイキュー田中龍之介キャラフレームカード浴衣ver.,220,,,残り1点
61764a9f6580dc0d125c1c39,ハイキュー!!　日向翔陽・集合　ステッカーくじ,550,,,残り1点
61764a9e6580dc0d125c1c36,ハイキュー!!　黒尾鉄朗・木兎光太郎　ステッカーくじ,"1,100",,,残り1点
61764a9a6580dc0d125c1c30,ハイキュー!!青葉城西高校　集合ステッカーくじ,550,,,残り1点
616d22e3c9fd1f53ae5d006d,ハイキュー!!日向翔陽・影山飛雄ステッカーくじ,880,,,残り1点
616d22d6c9fd1f53ae5d0053,ハイキュー!!影山飛雄・及川徹ステッカーくじ,"1,100",,,残り1点
616d22d5c9fd1f53ae5d0051,ハイキュー!!菅原孝支・西谷夕ステッカーくじ,"1,100",,,残り1点
616d22d3c9fd1f53ae5d004b,ハイキュー!!日向翔陽・影山飛雄ステッカーくじ,880,,,残り1点
616d22d1c9fd1f53ae5d0049,ハイキュー!!田中龍之介・烏養繋心ステッカーくじ,330,,,残り1点
616d22cbc9fd1f53ae5d003d,ハイキュー!!谷地仁花・嶋田誠ステッカーくじ,330,,,残り1点
616d22c0c9fd1f53ae5d002b,ハイキュー!!音駒高校　集合ステッカーくじ,550,,,残り1点
61514b48e406b85122011589,ハイキュー!!　宮侑・宮治　365日ステッカー,"2,200",,,残り1点
61514b42e406b8512201157f,ハイキュー!!　及川徹・岩泉一　365日ステッカー,"4,400",,,残り1点
614c1835addb84417ee4159b,ハイキュー!!烏野高校　集合ステッカーくじ,550,,,残り1点
6136dcc658d2e518baab7c0e,ハイキュー!!　宮治　ともぬい～稲荷崎高校～,"2,200",,,残り1点
6136dcc558d2e518baab7c0c,ハイキュー!!　赤葦京治　ともぬいvol.2,"4,400",,,残り1点
61343fa9e406b81048aa1c16,【折れ・ヨゴレ有】ハイキュー!!　月島蛍　ピクチャーズコレクション,880,,,残り1点
61308b1f58d2e540260ad0cb,【ヨゴレ有】ハイキュー!!　日向翔陽　ピクチャーズコレクション,550,,,残り1点
61308b1e58d2e540260ad0c8,【イタミ有】ハイキュー!!　及川徹　ピクチャーズコレクション,880,,,残り1点
61308b1d58d2e540260ad0c5,【イタミ有】ハイキュー!!　孤爪研磨　ピクチャーズコレクション,880,,,残り1点
61308b1b58d2e540260ad0c2,【イタミ有】ハイキュー!!　影山飛雄　ピクチャーズコレクション,880,,,残り1点
61308b1358d2e540260ad0af,【キズ有】ハイキュー!!　日向翔陽　ピクチャーズコレクション,550,,,残り1点
61308b1258d2e540260ad0ac,【ヨゴレ有】ハイキュー!!　木兎光太郎　ピクチャーズコレクション,550,,,残り1点
61308b1158d2e540260ad0a9,【劣化有】ハイキュー!!　黒尾鉄朗　ピクチャーズコレクション,880,,,残り1点
61308b1058d2e540260ad0a6,【劣化有】ハイキュー!!　孤爪研磨　ピクチャーズコレクション,880,,,残り1点
6100d01918019576395e629e,ハイキュー!!　影山飛雄・及川徹　アートコースター,"1,100",,,残り1点
6100d01518019576395e6296,ハイキュー!!　及川徹・岩泉一　アートコースター,"1,100",,,残り1点
6100d01418019576395e6293,ハイキュー!!　日向翔陽・影山飛雄　アートコースター,"1,100",,,残り1点
6100ce0d18019576395e6190,ハイキュー!!　武田一鉄・鵜飼繋心　アートコースター,220,,,残り1点
609b6d4e4f443045bcd642a3,【キズ有】ハイキュー!!　国見英75mm缶バッジ,"2,200",,,残り1点
623969960e01792f66193fff,【イタミ有】ハイキュー!!　宮治　トレーディング箔ミニ色紙,550,,,残り1点
623969940e01792f66193ffc,【イタミ有】ハイキュー!!　宮侑　トレーディング箔ミニ色紙,550,,,残り1点
6200ae6a6b36fa5bc1bfb7b0,ハイキュー!!桐生八アートコースター　第4弾,110,,,残り1点
6200ae4d6b36fa5bc1bfb789,ハイキュー!!牛島若利アートコースター　第4弾,330,,,残り1点
6200ae446b36fa5bc1bfb77f,ハイキュー!!ニコラス・ロメロアートコースター　第4弾,110,,,残り1点
6200ae3c6b36fa5bc1bfb773,ハイキュー!!オリバーバーンズアートコースター　第4弾,110,,,残り1点
6200ae336b36fa5bc1bfb766,ハイキュー!!明暗修吾アートコースター　第4弾,110,,,残り1点
61c3fc20e7f5ce3242769f07,ハイキュー国見英＆金田一勇太郎365日ステッカー,"3,300",,,残り1点
61b6c42a044609283497de02,【開封済み／キズ有】ハイキュー宮侑スクエアCANバッジハイキュー！！TOTHETOPVol.2稲荷崎高校BOX,880,,,残り1点
61b6c429044609283497de00,【開封済み／キズ有】ハイキュー宮侑スクエアCANバッジハイキュー！！TOTHETOPVol.2稲荷崎高校BOX,880,,,残り1点
61783050c9fd1f75c9ac42f5,ハイキュー!!　菅原孝支　メタルキーホルダーコレクション　プレースタイルイメージ＜セッター＞,"1,100",,,残り1点
609b93464f443045bcd64e07,ハイキュー!!　銀島結　ハイキュー!!缶バッジ　～TOTHETOP～,330,,,残り1点
6178305bc9fd1f75c9ac4307,ハイキュー!!　天童覚　メタルキーホルダーコレクション　プレースタイルイメージ＜ミドルブロッカー＞,"1,100",,,残り1点
61783054c9fd1f75c9ac42fc,ハイキュー!!　赤葦京治　メタルキーホルダーコレクション　プレースタイルイメージ＜セッター＞,"1,100",,,残り1点
60bf31ab8473964781509468,ハイキュー!!　赤葦京治　ハイキュー!!TOTHETOPTRADING缶バッジ陸VS空,330,,,
60bf317984739647815093b6,ハイキュー!!　宮侑　ハイキュー！！TOTHETOPスタート！缶バッジ,330,,,残り1点
60bf2bcecfcd947753920e34,ハイキュー!!　木兎光太郎　ハイキュー!!TOTHETOP　キャラバッジコレクション,550,,,残り2点
60a1034615fcf410a4a676d9,ハイキュー!!　木兎光太郎　ハイキュー!!セカンドシーズン　缶バッジ,550,,,残り3点
609b93464f443045bcd64e05,ハイキュー!!　尾白アラン　ハイキュー!!缶バッジ　～TOTHETOP～,330,,,残り1点
609b93444f443045bcd64dff,ハイキュー!!　宮治　ハイキュー!!缶バッジ～TOTHETOP～,880,,,残り1点
609b93444f443045bcd64dfd,ハイキュー!!　宮侑　ハイキュー!!缶バッジ～TOTHETOP～,880,,,残り2点
609b93434f443045bcd64df8,ハイキュー!!　木兎光太郎　ハイキュー!!缶バッジ　～TOTHETOP～,330,,,
609b93424f443045bcd64df0,ハイキュー!!　孤爪研磨　ハイキュー!!　缶バッジ　～TOTHETOP～,880,,,残り1点
609b933e4f443045bcd64ddd,ハイキュー!!　月島蛍　ハイキュー!!　缶バッジ　～TOTHETOP～,880,,,
60963b444f44303af631d849,ハイキュー!!　及川徹　缶バッジコレクション,220,,,残り2点
6120942c58d2e579275c88d4,【細かいキズ有】ハイキュー!!　宮治　カラービーチモチーフリユースコースター,"1,100",,,残り1点
60bf31d88473964781509504,ハイキュー!!宮侑　キャラバッジコレクション,550,,,
60950c572f7b3b2a8e7d6bb7,ハイキュー!!　宮治　トレーディング　缶バッジ,880,,,残り1点
60950c572f7b3b2a8e7d6bb5,ハイキュー!!　宮侑　トレーディング缶バッジ,880,,,残り1点
6094fe1f935fcc68498c6355,ハイキュー!!　宮治　トレーディング缶バッジ,880,,,残り1点
6094fe1f935fcc68498c6352,ハイキュー!!　宮侑　トレーディング缶バッジ,880,,,
61a1a84bcc324358ffbea542,ハイキュー孤爪研磨りぼんコレクション第2弾,"1,650",,,残り1点
61a1a83dcc324358ffbea52b,ハイキュー日向翔陽りぼんコレクション第2弾,880,,,残り1点
60bf31d98473964781509506,ハイキュー!!　宮治　キャラバッジコレクション,880,,,残り1点
60bf31af8473964781509477,ハイキュー!!　尾白アラン　キャラバッジコレクション,220,,,残り2点
60bf31ad847396478150946f,ハイキュー!!　宮治　キャラバッジコレクション,880,,,残り2点
60bf31ac847396478150946d,ハイキュー!!　宮侑　キャラバッジコレクション,550,,,
60bf2b85cfcd947753920d16,ハイキュー!!　月島蛍　缶バッジコレクション,550,,,
60a630b1f8440a24a56290da,ハイキュー!!　宮治　スクエア　缶バッジ,880,,,残り2点
60a1034115fcf410a4a676c1,ハイキュー!!　黒尾鉄朗　缶バッジ,"1,650",,,
60a1034115fcf410a4a676be,ハイキュー!!　月島蛍　缶バッジ,"2,200",,,残り2点
60a1034015fcf410a4a676bc,ハイキュー!!　影山飛雄　缶バッジ,"1,650",,,
60a1034015fcf410a4a676ba,ハイキュー!!　日向翔陽　缶バッジ,"1,650",,,残り1点
60a09098f8440a13a63f384b,ハイキュー!!　宮治　缶バッジ,880,,,残り2点
60a09097f8440a13a63f3849,ハイキュー!!　宮侑　缶バッジ,880,,,残り2点
60a09096f8440a13a63f3844,ハイキュー!!日向翔陽　缶バッジ,550,,,残り2点
609f4227838d341415443ca0,ハイキュー!!　及川徹　にとたん缶バッジ,880,,,残り2点
609b7efd4f443045bcd64665,ハイキュー!!　及川徹　キャラバッジコレクション,880,,,残り2点
6095103b935fcc68498c66e6,ハイキュー!!　宮侑　缶バッジコレクション,880,,,残り2点
6094fe20935fcc68498c6357,ハイキュー!!　北信介　トレーディング　缶バッジ,880,,,残り1点
6094fe1d935fcc68498c6346,ハイキュー!!　月島蛍　トレーディング缶バッジ,880,,,残り1点
608cda58935fcc2e7d3bd896,ハイキュー!!　山口忠　缶バッジコレクション,330,,,残り3点
620b27b76b36fa19f567c603,ハイキュー!!日向翔陽＆影山飛雄マグネットステッカーコレクション,880,,,残り1点
61dd4441e7f5ce709b149e72,【細かいキズ有】ハイキュー!!影山飛雄フォトフレーム風クリアカード,880,,,残り1点
609f4231838d341415443cd3,【キズ有】ハイキュー!!黒尾鉄朗　mekke缶バッジ　第一弾,"2,200",,,残り2点
6096037e4f44303af631d0ce,ハイキュー!!　木兎光太郎　ちびキャラ飼育係ver.トレーディング缶バッジ,550,,,残り1点
6096037d4f44303af631d0c7,ハイキュー!!　黒尾鉄朗　ちびキャラ飼育係ver.トレーディング缶バッジ,880,,,残り2点
609603744f44303af631d092,ハイキュー!!　月島蛍　描き下ろし　イラストレジャーver.　トレーディング缶バッジ,880,,,残り1点
609f4232838d341415443cd8,ハイキュー!!　影山飛雄　mekke缶バッジ　第二弾,"1,100",,,残り1点
609f4231838d341415443cd5,ハイキュー!!　日向翔陽　mekke　缶バッジ　第二弾,550,,,残り1点
609f422e838d341415443cc7,ハイキュー!!　菅原孝支　mekke　缶バッジ　第一弾,"1,650",,,残り3点
619df0b4c9fd1f24c3f1e8ed,ハイキュー北信介烏野高校VS稲荷崎高校スペシャルクリアカード（バラ）,"1,100",,,残り1点
619df0b1c9fd1f24c3f1e8e6,ハイキュー宮治烏野高校VS稲荷崎高校スペシャルクリアカード（バラ）,"1,100",,,残り1点
608cda32935fcc2e7d3bd7b4,ハイキュー!!　木兎光太郎　缶バッジTOTHETOPVer.第2弾,550,,,
608cda2f935fcc2e7d3bd79e,ハイキュー!!　宮侑　缶バッジTOTHETOPVer.第2弾,"1,100",,,
608cda2e935fcc2e7d3bd79a,ハイキュー!!　角名倫太郎　缶バッジTOTHETOPVer.第2弾,"1,100",,,残り1点
608cda2d935fcc2e7d3bd794,ハイキュー!!　東峰旭缶バッジ　TOTHETOPVer.　第2弾,220,,,残り1点
608cda2c935fcc2e7d3bd78e,ハイキュー!!　木下久志　缶バッジ　TOTHETOPVer.　第2弾,110,,,残り2点
608cda2c935fcc2e7d3bd78c,ハイキュー!!　田中龍之介缶バッジTOTHETOPVer.　第2弾,220,,,残り2点
608cda2a935fcc2e7d3bd783,ハイキュー!!　影山飛雄　缶バッジ　TOTHETOPVer.　第2弾,880,,,
608cda21935fcc2e7d3bd74a,ハイキュー!!　星海光来　缶バッジTOTHETOPver.,220,,,残り1点
608cda20935fcc2e7d3bd748,ハイキュー!!　佐久早聖臣　缶バッジTOTHETOPver.,"1,100",,,残り1点
608cda1b935fcc2e7d3bd728,ハイキュー!!　影山飛雄　缶バッジ　TOTHETOPver.,880,,,残り3点
621f0af26b36fa2eb7c5c8a1,ハイキュー!!宮治缶バッジコレクションフルカラー缶バッジ,880,,,残り1点
61deae0bcc3243326a7d537e,ハイキュー!!木兎光太郎トレーディングホログラム缶バッジ　紙飛行機ver.,880,,,残り1点
61deae08cc3243326a7d5378,ハイキュー!!孤爪研磨トレーディングホログラム缶バッジ　紙飛行機ver.,"1,320",,,残り1点
61deae05cc3243326a7d5373,ハイキュー!!影山飛雄トレーディングホログラム缶バッジ　紙飛行機ver.,"1,320",,,残り1点
61deae04cc3243326a7d5371,ハイキュー!!日向翔陽トレーディングホログラム缶バッジ　紙飛行機ver.,880,,,残り1点
61aefeaa04460965226f8dd2,ハイキュー!!影山飛雄トレーディング缶バッジ　映画村Ver.,880,,,残り1点
61aeea29e7f5ce5cdd5d3f07,ハイキュー!!日向翔陽描き下ろしイラストトレーディングアクリルキーホルダー,880,,,残り1点
61aeea1ee7f5ce5cdd5d3ef3,ハイキュー!!影山飛雄描き下ろしイラストトレーディングアクリルキーホルダー,"1,100",,,残り1点
613dbc4558d2e531749b412c,ハイキュー!!　赤葦京治　切り絵シリーズ和紙缶バッジ,880,,,残り1点
613dbc3e58d2e531749b411f,ハイキュー!!　影山飛雄　切り絵シリーズ和紙缶バッジ,880,,,残り1点
6101362de45a9974ecfe5bdd,ハイキュー!!　金田一勇太郎　トレーディングAni-Artミニ色紙Ver.B,110,,,残り1点
609ba4a44f443057a5553d60,ハイキュー!!　黒尾鉄朗　A賞墨式Aver.　缶バッジセット,550,,,残り3点
609ba4a34f443057a5553d5a,ハイキュー!!　日向翔陽A・B賞墨式Aver.　缶バッジセット,440,,,残り1点
6096650e2f7b3b4922c3887e,ハイキュー!!　及川徹　56mm缶バッジ　メタリックver,880,,,残り1点
6096650d2f7b3b4922c38874,ハイキュー!!　月島蛍　56mm缶バッジ　メタリックver,880,,,残り1点
60964c01935fcc0dfb5f50a7,ハイキュー!!　花巻貴大　成功賞　56mm缶バッジ,880,,,残り1点
6096037f4f44303af631d0d5,ハイキュー!!　星海光来　ちびキャラ飼育係ver.トレーディング缶バッジ,330,,,残り1点
6096037f4f44303af631d0d2,ハイキュー!!　宮侑　ちびキャラ飼育係ver.トレーディング缶バッジ,880,,,残り1点
6096037d4f44303af631d0c9,ハイキュー!!　及川徹　ちびキャラ飼育係ver.トレーディング缶バッジ,880,,,残り3点
6096037c4f44303af631d0c3,ハイキュー!!　影山飛雄　ちびキャラ飼育係ver.　トレーディング缶バッジ,880,,,残り1点
609603774f44303af631d0a2,ハイキュー!!　北信介　描き下ろしイラストレジャーver.トレーディング缶バッジ,880,,,残り1点
609603764f44303af631d09d,ハイキュー!!　宮侑　描き下ろしイラスト　レジャーver.　トレーディング缶バッジ,550,,,
609603734f44303af631d08d,ハイキュー!!　日向翔陽　描き下ろし　イラストレジャーver.トレーディング缶バッジ,550,,,
6087a3672f7b3b0523e6a789,ハイキュー!!　黒尾鉄朗　コレクション缶バッジ　第6弾,"1,650",,,残り1点
6087a3422f7b3b0523e6a68c,ハイキュー!!　灰原リエーフ　コレクション缶バッジ　第1弾,550,,,残り1点
621f0afe6b36fa2eb7c5c8b1,ハイキュー!!山本猛虎場面写缶バッジ音駒梟谷戸美,220,,,残り1点
621f0af46b36fa2eb7c5c8a3,ハイキュー!!木兎光太郎缶バッジコレクションフルカラー缶バッジ,550,,,残り1点
621f0af06b36fa2eb7c5c89e,ハイキュー!!赤葦京治缶バッジコレクションフルカラー缶バッジ,880,,,残り1点
621d94cf6b36fa45fe33305d,ハイキュー!!山口忠スクエア缶バッジ（横断幕イラスト第１弾）,440,,,残り1点
61dbca08cc32436c9ca5c2d8,ハイキュー!!日向翔陽アクリルバッジ烏野高校BOXB,550,,,残り1点
61dbca00cc32436c9ca5c2cb,ハイキュー!!影山飛雄アクリルバッジ烏野高校BOXA,880,,,残り1点
61dbc9ffcc32436c9ca5c2c8,ハイキュー!!日向翔陽アクリルバッジ烏野高校BOXA,550,,,残り1点
6156e160e406b8774fd431f3,ハイキュー!!　宮治　B　名場面缶バッジ稲荷崎高校,"1,100",,,残り1点
6156e15be406b8774fd431e9,ハイキュー!!　赤葦京治　A　名場面缶バッジ梟谷学園高校,"1,100",,,残り1点
612ded9eaddb84726113e0be,ハイキュー!!　月島蛍　のるキャラマスコット（R）第3弾セカンドユニフォームVer.,"1,650",,,残り1点
60a630acf8440a24a56290bf,【細かいキズ有】ハイキュー!!　北信介　缶バッジコレクション　グリッター,"1,650",,,残り1点
60a6308ff8440a24a562903c,【細かいキズ有】ハイキュー!!　影山飛雄　缶バッジコレクション　フルカラー,880,,,残り1点
6087a34e2f7b3b0523e6a6df,ハイキュー!!　日向翔陽・影山飛雄　コレクション缶バッジ　第3弾,"1,650",,,残り1点
621f0b066b36fa2eb7c5c8bc,ハイキュー!!赤葦京治場面写缶バッジ音駒梟谷戸美,880,,,残り1点
621f0b046b36fa2eb7c5c8b9,ハイキュー!!木兎光太郎場面写缶バッジ音駒梟谷戸美,550,,,残り1点
621f0b026b36fa2eb7c5c8b7,ハイキュー!!木兎光太郎場面写缶バッジ音駒梟谷戸美,550,,,残り1点
621f0afd6b36fa2eb7c5c8af,ハイキュー!!黒尾鉄朗場面写缶バッジ音駒梟谷戸美,880,,,残り1点
621f0af76b36fa2eb7c5c8a9,ハイキュー!!黒尾鉄朗場面写缶バッジ音駒梟谷戸美,880,,,残り1点
616d22dcc9fd1f53ae5d005c,ハイキュー!!影山飛雄・山口忠・月島蛍・日向翔陽ステッカーくじ,550,,,残り1点
616d22dac9fd1f53ae5d005a,ハイキュー!!影山飛雄・山口忠・月島蛍ステッカーくじ,550,,,残り1点
616d22c9c9fd1f53ae5d003b,ハイキュー!!日向翔陽・孤爪研磨・灰羽リエーフステッカーくじ,550,,,残り1点
616d22c4c9fd1f53ae5d0031,ハイキュー!!影山飛雄・烏養繋心ステッカーくじ,550,,,残り1点
61370babe406b85430dce41f,ハイキュー!!　東峰旭　ともぬい～烏野高校～vol.2,"1,100",,,残り1点
6100e08c03e59443c642f00c,ハイキュー　黒尾鉄朗　フォトカード＆ステッカーコレクション第1弾,"1,100",,,残り1点
609ba4c34f443057a5553e0c,ハイキュー!!　滝ノ下祐輔　クエストラストワン賞HAIKYUQUESTセット,110,,,残り1点
623969920e01792f66193ffa,【イタミ有】ハイキュー!!　赤葦京治　トレーディング箔ミニ色紙,550,,,残り1点
623969900e01792f66193ff8,【イタミ有】ハイキュー!!　木兎光太郎　トレーディング箔ミニ色紙,330,,,残り1点
623969880e01792f66193fec,【イタミ有】ハイキュー!!　影山飛雄　トレーディング箔ミニ色紙,550,,,残り1点
6231697427107a6b28f4a34c,ハイキュー!!　日向翔陽　JC柄クリアファイルコレクション第4弾,440,,,残り1点
6231696c27107a6b28f4a344,ハイキュー!!　田中龍之介　JC柄クリアファイルコレクション第3弾,220,,,残り1点
6231695a27107a6b28f4a330,ハイキュー!!　日向翔陽＆影山飛雄　JC柄クリアファイルコレクション第2弾,440,,,残り1点
6231693727107a6b28f4a306,ハイキュー!!　西谷夕　連載5周年記念JC柄クリアファイルコレクション,440,,,残り1点
620758e30e01795e47661836,ハイキュー日向翔陽「週刊少年ジャンプ」　名刺カードコレクション　第３弾,330,,,残り1点
6200ae4e6b36fa5bc1bfb78c,ハイキュー!!ソコロフ尊人＆平和島登志郎アートコースター　第4弾,110,,,残り1点
61764aa36580dc0d125c1c42,ハイキュー!!黒尾鉄朗・強羅昌己・小鹿野大樹　ステッカーくじ,330,,,残り1点
61764aa26580dc0d125c1c3f,ハイキュー!!田中龍之介・清水潔子・谷地仁花ステッカーくじ,550,,,残り1点
612214f4addb8466acebc61d,ハイキュー!!　宮治　東武動物公園に行ってきました！クッキー　イラストカード,"1,100",,,残り1点
612214f3addb8466acebc61b,ハイキュー!!　宮侑　東武動物公園に行ってきました！クッキー　イラストカード,"1,100",,,残り1点
612214f0addb8466acebc617,ハイキュー!!　木兎光太郎　東武動物公園に行ってきました！クッキー　イラストカード,"1,100",,,残り1点
612214eaaddb8466acebc60c,ハイキュー!!　影山飛雄　東武動物公園に行ってきました！クッキー　イラストカード,"1,100",,,残り1点
6122137e58d2e579275ccf52,ハイキュー!!　北信介　ゲームコラボ「キャンディトス」　描き下ろしイラストレジャーver.　ポストカード,880,,,残り1点
6122137d58d2e579275ccf50,ハイキュー!!　宮治　ゲームコラボ「キャンディトス」　描き下ろしイラストレジャーver.　ポストカード,880,,,残り1点
6231693627107a6b28f4a304,ハイキュー!!　烏野高校集合柄　連載5周年記念JC柄クリアファイルコレクション,440,,,残り1点
60bf2bb4cfcd947753920dcc,ハイキュー!!　木兎光太郎　マスコット　缶バッジ,220,,,
60951486935fcc68498c6796,ハイキュー!!　黒尾鉄朗　Ｃ賞　44㎜缶バッジ,550,,,
60951487935fcc68498c6798,ハイキュー!!　及川徹　Ｃ賞　44㎜缶バッジ,550,,,
609b7ebf4f443045bcd64520,ハイキュー!!　黒尾鉄朗　「下校」　缶バッジ,330,,,残り1点
609b6d484f443045bcd64284,ハイキュー!!　黒尾鉄朗　44㎜缶バッジ,330,,,残り1点
60963b454f44303af631d84b,ハイキュー!!　木兎光太郎　缶バッジコレクション,110,,,残り1点
6095148a935fcc68498c67aa,ハイキュー!!　黒尾鉄朗　参加賞44㎜缶バッジ,880,,,
60951487935fcc68498c679a,ハイキュー!!　木兎光太郎　Ｃ賞　44㎜缶バッジ,330,,,
60951035935fcc68498c66c7,ハイキュー!!　黒尾鉄朗　和紙缶バッジコレクション,550,,,
60950c552f7b3b2a8e7d6bae,ハイキュー!!　黒尾鉄朗　トレーディング缶バッジ,880,,,残り2点
609ba4b24f443057a5553daf,ハイキュー!!　黒尾鉄朗　E賞　孤爪＆黒尾　「鬼は外!!福は内!!」セット,330,,,残り3点
60a6309cf8440a24a562907c,ハイキュー!!　北信介　缶バッジコレクション　フルカラー,880,,,残り3点
6087a37a2f7b3b0523e6a803,ハイキュー!!　佐久早聖臣　コレクション缶バッジ　ＭＥＭＯＲＩＥＳ,880,,,残り3点
612c9cd9e406b87293b65f26,ハイキュー!!　黒尾鉄朗　365日ステッカー,"4,400",,,残り1点
60bf31d784739647815094ff,ハイキュー!!　木兎光太郎　キャラバッジコレクション,550,,,残り2点
60bf31d384739647815094f4,ハイキュー!!　宮治トレーディング缶バッジ-OneFineDay!-,880,,,残り3点
60bf31d384739647815094f1,ハイキュー!!　宮侑　トレーディング缶バッジ　-OneFineDay!-,880,,,残り1点
60bf31cd84739647815094de,ハイキュー!!　月島蛍　トレーディング缶バッジ　-OneFineDay!-,880,,,残り1点
60bf31c084739647815094b8,ハイキュー!!　北信介　キャラバッジコレクション　和装応援団,880,,,残り1点
60bf31c084739647815094b6,ハイキュー!!　宮治　キャラバッジコレクション　和装応援団,880,,,残り2点
60bf31bf84739647815094b2,ハイキュー!!　宮侑　キャラバッジコレクション　和装応援団,880,,,
60bf31af8473964781509479,ハイキュー!!　銀島結　キャラバッジコレクション,220,,,残り2点
60a630baf8440a24a5629101,ハイキュー!!　宮治　スクエア缶バッジ箔押し,"2,200",,,残り1点
60a630aef8440a24a56290c9,ハイキュー!!　影山飛雄　スクエア缶バッジ,880,,,残り1点
60a630abf8440a24a56290bd,ハイキュー!!　宮治　缶バッジコレクション　グリッター,"1,650",,,残り2点
60a630a8f8440a24a56290af,ハイキュー!!　月島蛍　缶バッジコレクション　グリッター,"1,650",,,残り2点
60a630a6f8440a24a56290a8,ハイキュー!!　北信介　缶バッジコレクション　フルカラー,550,,,残り1点
60a630a6f8440a24a56290a4,ハイキュー!!　宮治　缶バッジコレクション　フルカラー,880,,,残り3点
60a630a5f8440a24a56290a2,ハイキュー!!　宮侑　缶バッジコレクション　フルカラー,880,,,
60a630a2f8440a24a5629092,ハイキュー!!日向翔陽　缶バッジコレクション　フルカラー,330,,,
60a630a0f8440a24a562908b,ハイキュー!!　宮治　缶バッジコレクション　グリッター,"2,200",,,残り1点
60a6309ef8440a24a5629082,ハイキュー!!　影山飛雄　缶バッジコレクション　グリッター,"1,650",,,残り1点
60a6309bf8440a24a5629076,ハイキュー!!　宮侑缶バッジコレクション　フルカラー,880,,,残り2点
60a6309af8440a24a5629073,ハイキュー!!　山口忠　缶バッジコレクション　フルカラー,330,,,残り3点
60a63097f8440a24a5629064,ハイキュー!!　岩泉一　缶バッジコレクション　グリッター,"1,100",,,残り1点
60a6308cf8440a24a562902f,ハイキュー!!　黒尾鉄朗　缶バッジコレクション　グリッター,"4,400",,,残り3点
60a6255ff8440a660d967225,ハイキュー!!　木下久志　おみくじ付き缶バッジ,110,,,残り1点
60a09fbaf8440a13a63f3a3a,ハイキュー!!　日向翔陽　作戦盤キャラバッジコレクション,110,,,残り1点
609f4239838d341415443cfe,ハイキュー!!　黒尾鉄朗　ジャンタ缶バッジ　2015ver.,550,,,残り1点
609f4237838d341415443cf5,ハイキュー!!　影山飛雄　ジャンタ缶バッジ　2013ver.,550,,,残り2点
609f4228838d341415443ca6,ハイキュー!!　木兎光太郎　にとたん缶バッジ,550,,,残り1点
609f4226838d341415443c97,ハイキュー!!　影山飛雄　にとたん缶バッジ,880,,,残り1点
609ba4b54f443057a5553dc2,ハイキュー!!　金田一勇太郎　作戦盤キャラバッジコレクション,110,,,
609b7efe4f443045bcd64669,ハイキュー!!　木兎光太郎　キャラバッジコレクション,550,,,
609b7efc4f443045bcd64662,ハイキュー!!　黒尾鉄朗　キャラバッジコレクション,880,,,
609b7efc4f443045bcd64660,ハイキュー!!　孤爪研磨　キャラバッジコレクション,880,,,残り1点
609b7efb4f443045bcd6465b,ハイキュー!!　日向翔陽　キャラバッジコレクション,550,,,残り1点
609b7efa4f443045bcd64654,ハイキュー!!　宮治　トレーディングスクエア缶バッジ,880,,,残り2点
609b7ef94f443045bcd64652,ハイキュー!!　宮侑　トレーディングスクエア缶バッジ,880,,,残り2点
609b7ee14f443045bcd645cc,ハイキュー!!　黒尾鉄朗　BIGまるかくカンバッジ,"8,800",,,残り1点
609b7edf4f443045bcd645c2,ハイキュー!!　山口忠　BIGまるかくカンバッジ,"4,400",,,残り1点
609b7edd4f443045bcd645b6,ハイキュー!!　木兎光太郎　まるかくカンバッジ,550,,,残り2点
609b7edc4f443045bcd645b1,ハイキュー!!　及川徹　まるかくカンバッジ,880,,,残り2点
609b7eda4f443045bcd645ae,ハイキュー!!　黒尾鉄朗　まるかくカンバッジ,550,,,
609b7ed84f443045bcd645a2,ハイキュー!!　月島蛍　まるかくカンバッジ,550,,,
609b7ec94f443045bcd64552,ハイキュー!!　赤葦京治　「ダッシュ!」　缶バッジ,330,,,
609b7ec64f443045bcd64541,ハイキュー!!　日向翔陽　「ダッシュ!」　缶バッジ,220,,,残り1点
609b7ec54f443045bcd6453f,ハイキュー!!　黒尾鉄朗　コンビセット　音駒高校,"1,650",,,残り2点
609b7ec44f443045bcd64536,ハイキュー!!　及川徹　お年賀セット(青葉城西),"1,100",,,残り3点
609b7ec34f443045bcd64532,ハイキュー!!　黒尾鉄朗　お年賀セット　(音駒),"1,100",,,残り2点
609b6d524f443045bcd642bf,ハイキュー!!　岩泉一　アイコン型缶バッジ,330,,,残り1点
60960bf64f44303af631d28e,ハイキュー!!　影山飛雄　ランダム缶バッジ,"1,100",,,残り1点
6095148d935fcc68498c67b9,ハイキュー!!　星海光来　参加賞44㎜缶バッジ,330,,,残り3点
6095148c935fcc68498c67b3,ハイキュー!!　宮侑　参加賞44㎜缶バッジ,880,,,
6095148a935fcc68498c67a8,ハイキュー!!　影山飛雄　参加賞　44㎜缶バッジ,550,,,
60951489935fcc68498c67a6,ハイキュー!!　日向翔陽　参加賞　44㎜缶バッジ,550,,,
60951489935fcc68498c67a4,ハイキュー!!　星海光来　Ｃ賞44㎜缶バッジ,330,,,
60951488935fcc68498c679e,ハイキュー!!　宮侑　Ｃ賞　44㎜缶バッジ,550,,,
60951487935fcc68498c679c,ハイキュー!!　牛島若利　Ｃ賞　44㎜缶バッジ,330,,,
60951486935fcc68498c6794,ハイキュー!!　影山飛雄　Ｃ賞　44㎜缶バッジ,550,,,
60951485935fcc68498c6790,ハイキュー!!　星海光来　メタリック缶バッジ（等身）,880,,,残り2点
60951484935fcc68498c678c,ハイキュー!!　宮侑　メタリック缶バッジ（等身）,"1,100",,,残り3点
60951483935fcc68498c6786,ハイキュー!!　木兎光太郎　メタリック缶バッジ（等身）,550,,,
60951482935fcc68498c677c,ハイキュー!!　日向翔陽　メタリック缶バッジ　等身,880,,,残り2点
6095147f935fcc68498c676c,ハイキュー!!　及川徹　メタリック缶バッジ　ちびキャラ,880,,,残り3点
6095103a935fcc68498c66e1,ハイキュー!!　木兎光太郎　缶バッジコレクション,550,,,
60951038935fcc68498c66da,ハイキュー!!　影山飛雄　缶バッジコレクション,880,,,残り3点
60951038935fcc68498c66d8,ハイキュー!!　日向翔陽　缶バッジコレクション,550,,,
60951038935fcc68498c66d5,ハイキュー!!　星海光来　和紙缶バッジコレクション,330,,,残り1点
60951037935fcc68498c66d3,ハイキュー!!　佐久早聖臣　和紙缶バッジコレクション,550,,,残り3点
60951037935fcc68498c66d0,ハイキュー!!　宮侑　和紙缶バッジコレクション,880,,,残り3点
60951036935fcc68498c66c9,ハイキュー!!　及川徹　和紙缶バッジコレクション,880,,,残り3点
60951035935fcc68498c66c5,ハイキュー!!　影山飛雄　和紙缶バッジコレクション,880,,,残り1点
60950c552f7b3b2a8e7d6bab,ハイキュー!!　孤爪研磨　トレーディング缶バッジ,880,,,残り3点
60950c552f7b3b2a8e7d6ba9,ハイキュー!!　影山飛雄　トレーディング缶バッジ,880,,,残り2点
6094fe1e935fcc68498c634d,ハイキュー!!　木兎光太郎　トレーディング缶バッジ,330,,,残り1点
6094fe1c935fcc68498c6343,ハイキュー!!　影山飛雄　トレーディング缶バッジ,880,,,
6094fe1c935fcc68498c6340,ハイキュー!!　日向翔陽　トレーディング缶バッジ,550,,,
608cda57935fcc2e7d3bd890,ハイキュー!!　影山飛雄　缶バッジコレクション,880,,,残り1点
6087a3942f7b3b0523e6a8aa,ハイキュー!!　縁下力コレクション缶バッジ　（アニメ人形）,330,,,残り1点
6087a3932f7b3b0523e6a89f,ハイキュー!!　西谷夕　コレクション缶バッジ　（アニメ人形）,880,,,残り2点
6087a3922f7b3b0523e6a89d,ハイキュー!!　山口忠　コレクション缶バッジ　アニメ人形,330,,,残り1点
6087a3922f7b3b0523e6a89b,ハイキュー!!　月島蛍　コレクション缶バッジ　アニメ人形,"1,100",,,残り2点
6087a33f2f7b3b0523e6a676,ハイキュー!!　月島蛍　コレクション缶バッジ　第1弾,"1,100",,,残り1点
621f0b076b36fa2eb7c5c8bf,ハイキュー!!木兎光太郎・木葉秋紀場面写缶バッジ音駒梟谷戸美,880,,,残り1点
60bf31be84739647815094ad,ハイキュー!!　木兎光太郎　キャラバッジコレクション　和装応援団,330,,,
6095147f935fcc68498c6769,ハイキュー!!　黒尾鉄朗　メタリック缶バッジ　ちびキャラver.,880,,,残り2点
60950c5f2f7b3b2a8e7d6be3,ハイキュー!!　木兎光太郎　東急ハンズ限定ちびキャラトレーディング缶バッジ,550,,,残り2点
60950c5d2f7b3b2a8e7d6bd6,ハイキュー!!　黒尾鉄朗　東急ハンズ限定ちびキャラトレーディング缶バッジ,880,,,残り2点
6087a3482f7b3b0523e6a6ba,ハイキュー!!　黒尾鉄朗　コレクション缶バッジ　第2弾,880,,,残り1点
609b7ef14f443045bcd64623,ハイキュー!!　及川徹　メモリアル缶バッジ　青葉城西　デコレーション仕様,880,,,残り1点
61013633e45a9974ecfe5bec,ハイキュー　天童覚　トレーディングAni-Artミニ色紙Ver.B,330,,,残り1点
6087a3732f7b3b0523e6a7d8,ハイキュー‼　佐久早聖臣コレクション缶バッジ　第8弾,550,,,
612c9cd4e406b87293b65f18,ハイキュー!!　及川徹＆影山飛雄（ホロ仕様）365日ステッカー,"3,300",,,残り1点
61013630e45a9974ecfe5be6,ハイキュー　夜久衛輔　トレーディングAni-Artミニ色紙Ver.B,330,,,残り1点
60a1033c15fcf410a4a676a9,ハイキュー!!　日向翔陽　HAIKYUFIGHTERTheMOVIE缶バッジコレクション,"1,650",,,残り1点
60a1033b15fcf410a4a676a2,ハイキュー!!　黒尾鉄朗　Jヒーロー　夏祭り　2018　選べる缶バッジ,880,,,
60a1033a15fcf410a4a676a0,ハイキュー!!　孤爪研磨　Jヒーロー　夏祭り　2018　選べる缶バッジ,"1,100",,,残り1点
60a1033a15fcf410a4a6769e,ハイキュー!!　影山飛雄　Jヒーロー夏祭り2018　選べる缶バッジ,"1,100",,,残り1点
60a1033815fcf410a4a67695,ハイキュー!!　月島蛍　Jヒーロー　夏祭り　2019　選べる缶バッジ,880,,,残り1点
60a1033815fcf410a4a67693,ハイキュー!!　影山飛雄　Jヒーロー夏祭り2019　選べる缶バッジ,"1,100",,,残り3点
60a1033715fcf410a4a67691,ハイキュー!!　日向翔陽　Jヒーロー夏祭り2019　選べる缶バッジ,550,,,残り3点
60a1033615fcf410a4a67689,ハイキュー!!　宮侑　Jヒーロー夏祭り2020　選べる缶バッジ,"1,100",,,
60a1033515fcf410a4a67682,ハイキュー!!　影山飛雄　Jヒーロー夏祭り2020　選べる缶バッジ,"1,100",,,
609b933c4f443045bcd64dd2,ハイキュー!!　木兎光太郎　スクエア型缶バッジ　～歓喜の鼓動～,550,,,残り1点
609b933c4f443045bcd64dd0,ハイキュー!!　木兎光太郎　スクエア型缶バッジ　～歓喜の鼓動～,550,,,残り1点
609b93294f443045bcd64d72,ハイキュー!!　赤葦京治　缶バッジ　～繋げ!!全国への軌跡～,880,,,
609b93294f443045bcd64d70,ハイキュー!!　木兎光太郎　缶バッジ　～繋げ!!全国への軌跡～,"1,100",,,残り2点
609b93274f443045bcd64d65,ハイキュー!!　影山飛雄　缶バッジ　～繋げ!!全国への軌跡～,880,,,
609b93164f443045bcd64d12,ハイキュー!!　山口忠缶バッジ～全国に行くのは俺達だ!!～,550,,,残り2点
609b93154f443045bcd64d0d,ハイキュー!!　影山飛雄缶バッジ　～全国に行くのは俺達だ!!～,"1,100",,,残り3点
609b7ef64f443045bcd64645,ハイキュー!!　黒尾鉄朗　メモリアル缶バッジ　音駒（デコレーション仕様）,880,,,残り1点
609b7ef54f443045bcd6463e,ハイキュー!!　黒尾鉄朗　メモリアル缶バッジ　音駒（デコレーション仕様）,880,,,残り2点
609b7eef4f443045bcd6461b,ハイキュー!!　山口忠　メモリアル缶バッジ烏野　（デコレーション仕様）,220,,,残り1点
609b7ee74f443045bcd645eb,ハイキュー!!　木兎光太郎　メモリアル缶バッジ梟谷（デコレーション仕様）,550,,,残り1点
609b7ee64f443045bcd645e4,ハイキュー!!　木兎光太郎　メモリアル缶バッジ梟谷（デコレーション仕様）,550,,,残り2点
60951488935fcc68498c67a1,ハイキュー!!　佐久早聖臣　Ｃ賞　44㎜缶バッジ,330,,,
60951481935fcc68498c6779,ハイキュー!!　星海光来　メタリック缶バッジ　ちびキャラ,330,,,残り2点
60951480935fcc68498c676f,ハイキュー!!　木兎光太郎　メタリック缶バッジ　ちびキャラ,550,,,残り3点
60950c5d2f7b3b2a8e7d6bd8,ハイキュー!!　及川徹　東急ハンズ限定ちびキャラトレーディング缶バッジ,880,,,
60950c592f7b3b2a8e7d6bc4,ハイキュー!!　田中龍之介　東急ハンズ限定描き下ろしイラストトレーディング缶バッジ,330,,,残り3点
6087a3952f7b3b0523e6a8b1,ハイキュー!!　レア　日向翔陽・影山飛雄　コレクション缶バッジ　アニメ人形,"1,100",,,残り3点
6087a3952f7b3b0523e6a8ac,ハイキュー!!　日向翔陽・影山飛雄　コレクション缶バッジ　アニメ人形,"1,100",,,残り2点
6087a36a2f7b3b0523e6a796,ハイキュー!!　レア　烏野高校　コレクション缶バッジ　第6弾,"1,100",,,残り1点
6087a3552f7b3b0523e6a70d,ハイキュー!!　木兎光太郎　コレクション缶バッジ　第4弾,"1,100",,,残り1点
6087a33e2f7b3b0523e6a673,ハイキュー!!　影山飛雄　コレクション缶バッジ　第1弾,880,,,残り2点
6087a3912f7b3b0523e6a893,ハイキュー!!　影山飛雄　コレクション缶バッジ　＜日向翔陽&影山飛雄JF2020限定Ver.＞,"1,100",,,
60a1033c15fcf410a4a676a9,ハイキュー!!　日向翔陽　HAIKYUFIGHTERTheMOVIE缶バッジコレクション,"1,650",,,残り1点
60a1033b15fcf410a4a676a2,ハイキュー!!　黒尾鉄朗　Jヒーロー　夏祭り　2018　選べる缶バッジ,880,,,
60a1033a15fcf410a4a676a0,ハイキュー!!　孤爪研磨　Jヒーロー　夏祭り　2018　選べる缶バッジ,"1,100",,,残り1点
60a1033a15fcf410a4a6769e,ハイキュー!!　影山飛雄　Jヒーロー夏祭り2018　選べる缶バッジ,"1,100",,,残り1点
60a1033815fcf410a4a67695,ハイキュー!!　月島蛍　Jヒーロー　夏祭り　2019　選べる缶バッジ,880,,,残り1点
60a1033815fcf410a4a67693,ハイキュー!!　影山飛雄　Jヒーロー夏祭り2019　選べる缶バッジ,"1,100",,,残り3点
60a1033715fcf410a4a67691,ハイキュー!!　日向翔陽　Jヒーロー夏祭り2019　選べる缶バッジ,550,,,残り3点
60a1033615fcf410a4a67689,ハイキュー!!　宮侑　Jヒーロー夏祭り2020　選べる缶バッジ,"1,100",,,
60a1033515fcf410a4a67682,ハイキュー!!　影山飛雄　Jヒーロー夏祭り2020　選べる缶バッジ,"1,100",,,
60d047478473966a9b210d2f,ONEPIECE　モンキー・D・ルフィ　ドでか缶バッジ-7.22ワノ国-,550,,,残り1点
6098d3cc4f443052bc28f892,ONEPIECEチョパえもん（トニートニー・チョッパー）365日ステッカー,"1,100",,,残り1点
6235810f27107a16a24aeec6,ワンピース第581話効果音ポストカードコレクション,880,,,残り1点
60d05e543c394d03df256aa0,ONEPIECE　フランキー　輩缶バッジ第2020弾SPORTS,110,,,残り1点
60d05e4d3c394d03df256a90,ONEPIECEポートガス・D・エース缶バッジコレクション,"1,100",,,残り1点
60d047588473966a9b210d62,ONEPIECE　フランキー　金の輩缶バッジ,110,,,残り1点
60d047588473966a9b210d60,ONEPIECE　モンキー・D・ルフィ　金の輩缶バッジ,550,,,残り1点
60d047568473966a9b210d59,ONEPIECE　フランキー　輩缶バッジ第11弾ENGINE,110,,,残り1点
60d0474e8473966a9b210d42,ONEPIECE　フランキー　輩缶バッジ第16弾UTAGE,110,,,残り1点
60d0474d8473966a9b210d3e,ONEPIECE　フランキー　コレクション缶バッジ第4弾,110,,,残り1点
60d047488473966a9b210d31,ONEPIECE　ウソップド　でか缶バッジ-7.22ワノ国-,110,,,残り1点
60d047458473966a9b210d29,ONEPIECE　モンキー・D・ルフィ　CruiseHistory缶バッジ,550,,,残り1点
60d047438473966a9b210d22,ONEPIECE　モンキー・D・ルフィ　缶バッジコレクション,550,,,残り1点
60cdc17884739650f02302c6,ONEPIECE　モンキー・D・ルフィ　缶バッジ～ワノ国編～,550,,,残り1点
60cdb96f84739650f0230100,ONEPIECE　モンキー・D・ルフィ　MARIONETTE缶バッジ,550,,,残り1点
60cdb4ee3c394d761b55bebd,ONEPIECE　モンキー・D・ルフィ　クリームソーダクリップ缶バッジ,440,,,残り1点
60cda38184739650f022fd7c,ONEPIECE　ポートガス・D・エース　5周年缶バッジ,"1,100",,,残り1点
60cd78b184739650f022f6ef,ONEPIECE　モンキー・D・ルフィ　バースデイ缶バッジ【ルフィ】2020,550,,,残り1点
6098d3d54f443052bc28f8c6,ONEPIECEモンキー・D・ルフィ365日ステッカー,"1,650",,,残り1点
6098d3d44f443052bc28f8bb,ONEPIECEモンキー・D・ルフィ365日ステッカー,"1,650",,,残り1点
6098d3c84f443052bc28f87d,ONEPIECEポートガス・D・エース4thアニバーサリーステッカー,"8,800",,,残り1点
6098d3c84f443052bc28f87b,"ONEPIECEルフィ（ギア4”スネイクマン"")4thアニバーサリーステッカー","5,500",,,残り1点
608e71f2935fcc2e7d3bf8d3,【イタミ有】ONEPIECE　マルコ　365日ステッカー,"2,200",,,残り1点
608e71f2935fcc2e7d3bf8d1,【イタミ有】ONEPIECE　マルコ　365日ステッカー,"2,200",,,残り1点
61b02f23e7f5ce2231a820fd,ONEPIECEモンキー・D・ルフィ＆サボ輩缶バッジ　第7弾GEAR復活総選挙ver.,"7,700",,,残り1点
60d05e553c394d03df256aa5,ONEPIECE　ロロノア・ゾロ　輩缶バッジ第2020弾SPORTS,"1,100",,,残り1点
60d05e543c394d03df256aa2,ONEPIECE　ポートガス・D・エース　輩缶バッジ第2020弾SPORTS,"1,650",,,残り1点
60d05e4c3c394d03df256a8e,ONEPIECEモンキー・D・ルフィ/ポートガス・D・エース缶バッジコレクション,"1,100",,,残り1点
60d047568473966a9b210d5b,ONEPIECEユースタス・キッド輩缶バッジ第11弾ENGINE,880,,,残り1点
60d047558473966a9b210d57,ONEPIECE　シャンクス　輩缶バッジ第11弾ENGINE,550,,,残り1点
60d0474f8473966a9b210d45,ONEPIECE　モンキー・D・ルフィ　輩缶バッジTRICKORADVENTURE,550,,,残り1点
60d047498473966a9b210d33,ONEPIECE　ナミドでか缶バッジ-7.22ワノ国-,550,,,残り1点
60ff979d1801956ad93b6e54,ドラゴンボール　超サイヤ人ゴッド孫悟空　ドでか缶バッジ　超極,550,,,残り1点
60ff979c1801956ad93b6e51,ドラゴンボール　孫悟空　身勝手の極意　ドでか缶バッジ　超極,550,,,残り1点
60ff97891801956ad93b6e22,ドラゴンボール　超サイヤ人ゴッド超サイヤ人　ベジータ　ドッ缶バッジ,550,,,残り1点
60ff97891801956ad93b6e20,ドラゴンボール　超サイヤ人ゴッド超サイヤ人孫悟空　ドッ缶バッジ,550,,,残り1点
60fe8ad9e45a993e02f89b78,ドラゴンボール　ベジット　まるかくカンバッジ2サイヤ人セレクション,"1,100",,,残り1点
60fe8ad1e45a993e02f89b63,ドラゴンボール　超サイヤ人3　孫悟空まるかくカンバッジ2サイヤ人セレクション,550,,,残り1点
60fe8ad0e45a993e02f89b60,ドラゴンボール　超サイヤ人　孫悟空まるかくカンバッジ2サイヤ人セレクション,550,,,残り1点
60fe8acbe45a993e02f89b53,ドラゴンボール　超サイヤ人ゴッド超サイヤ人進化ベジータ色紙ART復刻スペシャル,110,,,残り1点
60fe8ac8e45a993e02f89b4a,ドラゴンボール　超サイヤ人4孫悟空＆超サイヤ人４ベジータ色紙ART復刻スペシャル,110,,,残り1点
608e849d4f443053c228264a,【イタミ有】ドラゴンボール　孫悟天　365日ステッカー,"1,100",,,残り1点
608e849d4f443053c2282648,【イタミ有】ドラゴンボール　孫悟空　365日ステッカー,"1,100",,,残り1点
60ffbfd6e45a9916ae36d327,ドラゴンボール　超サイヤ人　孫悟飯　ドでか缶バッジ,"1,100",,,残り1点
60ff97871801956ad93b6e1c,ドラゴンボール　超サイヤ人2　孫悟飯ドッ缶バッジ,"1,100",,,残り1点
60ff979b1801956ad93b6e4e,ドラゴンボール　超サイヤ人ゴッド超サイヤ人進化ベジータ　ドでか缶バッジ　超極,550,,,残り1点
60ff979a1801956ad93b6e4c,ドラゴンボール　超サイヤ人ゴッド超サイヤ人　ベジータ　ドでか缶バッジ　超極,550,,,残り1点
60ff97991801956ad93b6e4a,ドラゴンボール　超サイヤ人ゴッド超サイヤ人　孫悟空　ドでか缶バッジ　超極,550,,,残り1点
608fa2fd4f443053c2284099,【イタミ有】ドラゴンボール　孫悟空　365日ステッカー,"1,100",,,残り1点
60fe8ac9e45a993e02f89b4e,ドラゴンボール　セル（完全体）色紙ART復刻スペシャル,110,,,残り1点
610cd49baddb8405bece970d,ドラゴンボール　悟天＆トランクス　ドラゴンボールZプレートキーホルダー～魔人ブウ編～,550,,,残り1点
60ffbfdfe45a9916ae36d33f,ドラゴンボール　ピッコロ大魔王　ドでか缶バッジ,110,,,残り1点
60ffbfdbe45a9916ae36d335,ドラゴンボール　魔人ブウ　ドでか缶バッジ,110,,,残り1点
60ff978c1801956ad93b6e2a,ドラゴンボール　魔人ブウ　ドッ缶バッジ,110,,,残り1点
60fe8acae45a993e02f89b51,ドラゴンボール　ゴールデンフリーザ色紙ART復刻スペシャル,110,,,残り1点
610cd49aaddb8405bece970b,ドラゴンボール　超サイヤ人3　ゴテンクスドラゴンボールZプレートキーホルダー～魔人ブウ編～,550,,,残り1点
60ffbfe8e45a9916ae36d358,ドラゴンボール　超サイヤ人　ベジータ　まるかくカンバッジ2サイヤ人セレクション,550,,,残り1点
60ffbfe6e45a9916ae36d353,ドラゴンボール　超サイヤ人ゴッド　孫悟空　超ホログラム缶バッジ,550,,,残り1点
60ffbfe5e45a9916ae36d350,ドラゴンボール　ナッパ　まるかくカンバッジ2サイヤ人セレクション,550,,,残り1点
60ffbfd7e45a9916ae36d32a,ドラゴンボール　超サイヤ人　ベジット　ドでか缶バッジ,"1,100",,,残り1点
60ffbfd4e45a9916ae36d323,ドラゴンボール　超サイヤ人　孫悟空　ドでか缶バッジ,550,,,残り1点
60ff97a81801956ad93b6e73,ドラゴンボール　超サイヤ人　ケフラ　ドでか缶バッジ　超極,110,,,残り1点
60ff97a81801956ad93b6e70,ドラゴンボール　全王　ドでか缶バッジ　超極,110,,,残り1点
60ff97a21801956ad93b6e62,ドラゴンボール　亀仙人　ドでか缶バッジ　超極,110,,,残り1点
609b933c4f443045bcd64dd0,ハイキュー!!　木兎光太郎　スクエア型缶バッジ　～歓喜の鼓動～,550,,,残り1点
609b93294f443045bcd64d72,ハイキュー!!　赤葦京治　缶バッジ　～繋げ!!全国への軌跡～,880,,,
609b93294f443045bcd64d70,ハイキュー!!　木兎光太郎　缶バッジ　～繋げ!!全国への軌跡～,"1,100",,,残り2点
609b93274f443045bcd64d65,ハイキュー!!　影山飛雄　缶バッジ　～繋げ!!全国への軌跡～,880,,,
609b93164f443045bcd64d12,ハイキュー!!　山口忠缶バッジ～全国に行くのは俺達だ!!～,550,,,残り2点
609b93154f443045bcd64d0d,ハイキュー!!　影山飛雄缶バッジ　～全国に行くのは俺達だ!!～,"1,100",,,残り3点
609b7ef64f443045bcd64645,ハイキュー!!　黒尾鉄朗　メモリアル缶バッジ　音駒（デコレーション仕様）,880,,,残り1点
609b7ef54f443045bcd6463e,ハイキュー!!　黒尾鉄朗　メモリアル缶バッジ　音駒（デコレーション仕様）,880,,,残り2点
609b7eef4f443045bcd6461b,ハイキュー!!　山口忠　メモリアル缶バッジ烏野　（デコレーション仕様）,220,,,残り1点
609b7ee74f443045bcd645eb,ハイキュー!!　木兎光太郎　メモリアル缶バッジ梟谷（デコレーション仕様）,550,,,残り1点
609b7ee64f443045bcd645e4,ハイキュー!!　木兎光太郎　メモリアル缶バッジ梟谷（デコレーション仕様）,550,,,残り2点
60951488935fcc68498c67a1,ハイキュー!!　佐久早聖臣　Ｃ賞　44㎜缶バッジ,330,,,
60951481935fcc68498c6779,ハイキュー!!　星海光来　メタリック缶バッジ　ちびキャラ,330,,,残り2点
60951480935fcc68498c676f,ハイキュー!!　木兎光太郎　メタリック缶バッジ　ちびキャラ,550,,,残り3点
60950c5d2f7b3b2a8e7d6bd8,ハイキュー!!　及川徹　東急ハンズ限定ちびキャラトレーディング缶バッジ,880,,,
60950c592f7b3b2a8e7d6bc4,ハイキュー!!　田中龍之介　東急ハンズ限定描き下ろしイラストトレーディング缶バッジ,330,,,残り3点
6087a3952f7b3b0523e6a8b1,ハイキュー!!　レア　日向翔陽・影山飛雄　コレクション缶バッジ　アニメ人形,"1,100",,,残り3点
6087a3952f7b3b0523e6a8ac,ハイキュー!!　日向翔陽・影山飛雄　コレクション缶バッジ　アニメ人形,"1,100",,,残り2点
6087a36a2f7b3b0523e6a796,ハイキュー!!　レア　烏野高校　コレクション缶バッジ　第6弾,"1,100",,,残り1点
6087a3552f7b3b0523e6a70d,ハイキュー!!　木兎光太郎　コレクション缶バッジ　第4弾,"1,100",,,残り1点
6087a33e2f7b3b0523e6a673,ハイキュー!!　影山飛雄　コレクション缶バッジ　第1弾,880,,,残り2点
6087a3912f7b3b0523e6a893,ハイキュー!!　影山飛雄　コレクション缶バッジ　＜日向翔陽&影山飛雄JF2020限定Ver.＞,"1,100",,,
60a1033c15fcf410a4a676a9,ハイキュー!!　日向翔陽　HAIKYUFIGHTERTheMOVIE缶バッジコレクション,"1,650",,,残り1点
60a1033b15fcf410a4a676a2,ハイキュー!!　黒尾鉄朗　Jヒーロー　夏祭り　2018　選べる缶バッジ,880,,,
60a1033a15fcf410a4a676a0,ハイキュー!!　孤爪研磨　Jヒーロー　夏祭り　2018　選べる缶バッジ,"1,100",,,残り1点
60a1033a15fcf410a4a6769e,ハイキュー!!　影山飛雄　Jヒーロー夏祭り2018　選べる缶バッジ,"1,100",,,残り1点
60a1033815fcf410a4a67695,ハイキュー!!　月島蛍　Jヒーロー　夏祭り　2019　選べる缶バッジ,880,,,残り1点
60a1033815fcf410a4a67693,ハイキュー!!　影山飛雄　Jヒーロー夏祭り2019　選べる缶バッジ,"1,100",,,残り3点
60a1033715fcf410a4a67691,ハイキュー!!　日向翔陽　Jヒーロー夏祭り2019　選べる缶バッジ,550,,,残り3点
60a1033615fcf410a4a67689,ハイキュー!!　宮侑　Jヒーロー夏祭り2020　選べる缶バッジ,"1,100",,,
60a1033515fcf410a4a67682,ハイキュー!!　影山飛雄　Jヒーロー夏祭り2020　選べる缶バッジ,"1,100",,,
609b933c4f443045bcd64dd2,ハイキュー!!　木兎光太郎　スクエア型缶バッジ　～歓喜の鼓動～,550,,,残り1点
6128bc21e406b8042994f688,呪術廻戦　禪院真希　アクリルキャラコレクション,330,,,残り1点
6152a287addb84727d855f0e,呪術廻戦五条悟和紙缶バッジコレクション,880,,,残り1点
6152a27faddb84727d855f00,呪術廻戦虎杖悠仁和紙缶バッジコレクション,330,,,残り1点
6152a247addb84727d855e9b,呪術廻戦五条悟B賞　スクエア缶バッジ,"1,650",,,残り1点
6152a23baddb84727d855e82,呪術廻戦狗巻棘A賞　ドミテリアキーホルダー,"1,100",,,残り1点
6152a238addb84727d855e7d,呪術廻戦釘崎野薔薇A賞　ドミテリアキーホルダー,550,,,残り1点
6152a237addb84727d855e7a,呪術廻戦伏黒恵A賞　ドミテリアキーホルダー,"1,100",,,残り1点
6152a236addb84727d855e78,呪術廻戦虎杖悠仁A賞　ドミテリアキーホルダー,"1,100",,,残り1点
6139c303addb844f5461a5b7,呪術廻戦　伏黒恵　女性用Mサイズ,"8,800",,,残り1点
61348fe6e406b81048aa26c9,呪術廻戦　虎杖悠仁＆伏黒恵　アートコースター,880,,,残り1点
6128944eaddb843373c292c1,呪術廻戦　釘崎野薔薇（SD）J賞　ビッグ缶バッジ,110,,,残り1点
61d1469e04460938f1ce726f,呪術廻戦虎杖悠仁　東京都立呪術高等専門学校制服女性用Lサイズ,"6,600",,,残り1点
6128bc11e406b8042994f668,呪術廻戦　釘崎野薔薇　フォトカード＆ステッカーコレクション第1弾,220,,,残り1点
612893d0addb843373c2919a,呪術廻戦　両面宿儺　コレクション缶バッジ第1弾,550,,,残り1点
614970a9addb842c7dc68227,呪術廻戦　両面宿儺　ぴた!でふぉめアクリルキーホルダーエピソード第2弾,330,,,残り1点
614970a6addb842c7dc68223,呪術廻戦　夏油傑　ぴた!でふぉめアクリルキーホルダーエピソード第2弾,330,,,残り1点
614970a0addb842c7dc68218,呪術廻戦　禪院真希　ぴた!でふぉめアクリルキーホルダーエピソード第2弾,220,,,残り1点
6149709faddb842c7dc68216,呪術廻戦　釘崎野薔薇　ぴた!でふぉめアクリルキーホルダーエピソード第2弾,220,,,残り1点
61485f89e406b824ce2f6ac1,呪術廻戦　五条悟　ふでマメアクリルキーホルダー3,550,,,残り1点
61485f85e406b824ce2f6ab9,呪術廻戦　禪院真希　ふでマメアクリルキーホルダー3,110,,,残り1点
61485f83e406b824ce2f6ab5,呪術廻戦　伏黒恵　ふでマメアクリルキーホルダー3,550,,,残り1点
61485f2be406b824ce2f6a19,呪術廻戦　釘崎野薔薇　呪缶バッジVol.3,110,,,残り1点
6135cd23e406b8309bd52585,呪術廻戦　東堂葵　名場面缶バッジVol.2（デコレーション仕様）,220,,,残り1点
6135cd1de406b8309bd52578,呪術廻戦　伏黒恵　名場面缶バッジVol.2（デコレーション仕様）,"1,100",,,残り1点
61c7e2edcc32431d0f93fb7e,呪術廻戦漏瑚ステータスカードコレクション第１弾,220,,,残り1点
616fc2de6580dc3bd8ce247a,呪術廻戦虎杖悠仁「週刊少年ジャンプ」オールスター缶バッジ,880,,,残り1点
616fb441f77c765343dc037b,呪術廻戦狗巻棘コレクション缶バッジプチ【呪】,880,,,残り1点
616fb43ff77c765343dc0379,呪術廻戦狗巻棘コレクション缶バッジプチ【呪】,880,,,残り1点
616fb42cf77c765343dc0359,呪術廻戦虎杖悠仁コレクション缶バッジプチ【呪】,880,,,残り1点
616fb42bf77c765343dc0356,呪術廻戦虎杖悠仁＆釘崎野薔薇コレクション缶バッジプチ【呪】,550,,,残り1点
616fb428f77c765343dc0352,呪術廻戦虎杖悠仁コレクション缶バッジプチ【呪】,880,,,残り1点
614d5a9de406b83d86c91f2e,呪術廻戦　虎杖悠仁＆乙骨憂太＆東堂葵　特製ブロマイド,"6,600",,,残り1点
