ID,title,price,state,remarke,last
4272336,フィギュア鬼滅の刃 Q posket -胡蝶しのぶ- B,550円,未開封,,
4205336,フィギュア一番くじ 機動戦士ガンダム ガンプラ 2021 D賞 ENTRY GRADE 1/144 ストライクガンダム ソリッドクリア,880円,未開封,,
4205460,フィギュアキラキラ☆プリキュアアラモード キューティーフィギュア 2 キュアパルフェ 【フィギュア】[バンダイ],660円,未開封,,1点
4209059,フィギュアポケットモンスター ポケモンスケールワールド ガラル地方 メッソン&ジメレオン 【フィギュア】[バンダイ],990円,未開封,箱イタミ有,
4209554,フィギュアPLAY ARTS改 FINAL FANTASY VII REMAKE ルード 【フィギュア】[スクウェア・エニックス],"8,800円",未開封,,1点
4209869,"フィギュア鬼滅の刃 プレミアムちょこのせフィギュア ""宇髄天元""",880円,未開封,,
4209870,フィギュアSHAMAN KING Q posket -麻倉葉- A,660円,未開封,,
4215278,フィギュア戦翼のシグルドリーヴァ 駒込・アズズ 水着ver. 【ANIPLEX+限定】 【フィギュア】[ANIPLEX],"14,300円",未開封,,
4215381,フィギュアONEPIECE ワールドコレクタブルフィギュア -ONEPIECE FILM GOLD- vol.3 GD20 ホワイトジャック,550円,未開封,,1点
4218222,フィギュアTHE シンプルスタンド×3 【フィギュア&模型用】 【フィギュア】[グッドスマイルカンパニー],"1,320円",未開封,,1点
4220566,フィギュアクローズ×WORST TIME IS TIGHT Style 武田好誠 【フィギュア】[ユニオンクリエイティブ],"3,080円",未開封,箱イタミ有,1点
4220595,フィギュアクローズ&WORST Flash Back Generation 続・武装の名の下に集う男達!!編 通常版 香月ゲン 【フィギュア】[ダイブ],"2,750円",未開封,ブリスターにイタミ・ヤケ有,1点
4222278,"フィギュア名探偵コナン プレミアムちょこのせフィギュア ""コナン&灰原"" 灰原哀","1,650円",未開封,,1点
4222287,フィギュア初音ミクシリーズ TOONIZE -鏡音リン- B,"1,980円",未開封,,1点
4222411,フィギュアキン肉マン ぬーどるストッパーフィギュア -悪魔将軍-,880円,未開封,,1点
4225081,フィギュアトロピカル～ジュ!プリキュア キューティーフィギュア キュアフラミンゴ 【フィギュア】[バンダイ],550円,未開封,※食品は保証外となります。,1点
4225091,フィギュアトロピカル～ジュ!プリキュア キューティーフィギュア キュアパパイア 【フィギュア】[バンダイ],550円,未開封,※食品は保証外となります。,1点
4225106,フィギュアヒーリングっど プリキュア キューティーフィギュア キュアフォンテーヌ 【フィギュア】[バンダイ],550円,未開封,※食品は保証外となります。,1点
4225107,フィギュアキラキラ☆プリキュアアラモード キューティーフィギュア キュアカスタード 【フィギュア】[バンダイ],880円,未開封,※食品は保証外となります。,1点
4225132,フィギュアTim Burton's The Nightmare Before Christmas リミテッドプレミアムフィギュア 2021 ジャック,"1,320円",未開封,,1点
4225467,"フィギュアザ・スーサイド・スクワッド ""極""悪党、集結 BIRDS OF PREY Q posket -HARLEY QUINN- A","1,100円",未開封,,
4225470,フィギュア幼なじみが絶対に負けないラブコメ フィギュア 志田黒羽,"1,320円",未開封,,
4226073,フィギュアONEPIECE ABILIATORS -PORTGAS・D・ACE-,"1,430円",未開封,,
4226704,フィギュアPalm Scenery Fate/stay night セイバー&衛宮士郎セット 【フィギュア】[とらのあな],770円,未開封,箱イタミ有,1点
4226970,フィギュア鬼滅の刃 フィギュア -鬼ノ装- 肆の型 猗窩座,"1,100円",未開封,,
3195794,フィギュアフレッシュプリキュア! Q posket -CureBerry- B,770円,未開封,,1点
3196118,フィギュアゲゲゲの鬼太郎 Q posket -鬼太郎- B,880円,未開封,,1点
3215399,フィギュアラブライブ!サンシャイン!! SSSフィギュア -高海千歌 ダイスキだったらダイジョウブ!-,440円,未開封,箱イタミ有,
4120854,フィギュア一番くじ 僕のヒーローアカデミア Go And Go! A賞 緑谷出久 ;figure,"2,750円",未開封,,
4124153,フィギュア呪術廻戦 デフォルメフィギュア vol.2 釘崎野薔薇,330円,未開封,箱イタミ有,
4126109,"フィギュアドラゴンボール超 ワールドコレクタブルフィギュア～BATTLE OF SAIYANS～ vol.6 孫悟空(身勝手の極意""兆"")",770円,未開封,,1点
4126788,フィギュア一番くじ 鬼滅の刃 ～黎明に刃を持て～ D賞 竈門禰豆子 フィギュア,"2,200円",未開封,,
4127387,フィギュアTKシリーズ 10 仮面ライダードライブ 仮面ライダーチェイサー 【フィギュア】[バンダイ],"2,200円",未開封,箱イタミ有,1点
4128234,フィギュア呪術廻戦 デフォルメフィギュア vol.1 虎杖悠仁,550円,未開封,,
4128435,フィギュアちびきゅんキャラ 弱虫ペダル GRANDE ROAD ～練習休み! 総北高校編～ 巻島裕介 (1年生),440円,未開封,,1点
4129054,フィギュア仮面ライダーキッズ 仮面ライダー電王 イマジン未契約ver.セット 誌上限定版 【フィギュア】[バンダイ],770円,未開封,箱イタミ,
4129761,フィギュア呪術廻戦 デフォルメフィギュア vol.1 伏黒恵,770円,未開封,,
4129763,フィギュア呪術廻戦 デフォルメフィギュア vol.2 釘崎野薔薇,440円,未開封,,
4132544,フィギュア鬼滅の刃 Q posket petit vol.4 胡蝶しのぶ,990円,未開封,,
4132758,フィギュア聖闘士星矢 聖闘士小宇宙列伝 フェニックス一輝,880円,未開封,,
4133455,フィギュアDisney TWISTED-WONDERLAND プレミアムグレイスシチュエーションフィギュア ～アズール・アーシェングロット～,"1,210円",未開封,,
4133456,フィギュア僕のヒーローアカデミア Q posket -轟焦凍- A,"1,320円",未開封,,
4135271,フィギュアDisney TWISTED-WONDERLAND Fluffy Puffy ～グリム～ A,660円,未開封,,
4135314,フィギュアONEPIECE magazine FIGURE ～夢の一枚#2～ vol.2 サボ,"1,320円",未開封,,
4135392,"フィギュア鬼滅の刃 プレミアムTip'n'Pop ""竈門炭治郎"" A",550円,未開封,,1点
4136135,フィギュア仮面ライダーフォーゼ DXソフビフィギュア 4 インブリスター 仮面ライダーフォーゼ ベースステイツ カメラオン,550円,未開封,台紙・ブリスターイタミ,1点
4136852,フィギュア呪術廻戦 フィギュア vol.2 虎杖悠仁,990円,未開封,,
4160600,フィギュアSHAMAN KING フィギュア 麻倉葉,"1,100円",未開封,箱イタミ有,1点
4160656,フィギュア転生したらスライムだった件 -Otherworlder- フィギュア vol.8 ソウエイ(蒼影) スペシャルVer.,"1,100円",未開封,,
4160822,フィギュア一番くじ 呪術廻戦 ～弐～ B賞 伏黒恵 フィギュア,"1,540円",未開封,,
4160977,フィギュア鬼滅の刃 おすわりマスコット (1BOX) 【フィギュア】[REVOLVE],"5,280円",未開封,,1点
4167733,フィギュア鬼滅の刃 ひっかけフィギュア -柱 2- 時透無一郎,990円,未開封,,1点
4173235,フィギュア鬼滅の刃 フィギュア -鬼ノ装- 参の型 魘夢,550円,未開封,,
4175237,フィギュアSHODO デジモンアドベンチャー デジモン2 コンプリートセット 【プレミアムバンダイ限定】 【フィギュア】[バンダイ],"4,840円",未開封,※食品は保証外となります。,1点
4176557,"フィギュア鬼滅の刃 プレミアムTip'n'Pop ""竈門炭治郎"" B",550円,未開封,,
4176559,フィギュアドラゴンボール超 CREATOR×CREATOR -孫悟空- A,990円,未開封,,
4176632,フィギュア初音ミク TOKYO:CartoonY figure -桜ミク-,"1,100円",未開封,,
4176747,フィギュアドラゴンボールZ BURNING FIGHTERS vol.1 超サイヤ人孫悟空,880円,未開封,,
4177473,フィギュア劇場版 美少女戦士セーラームーン Eternal Q posket -水野亜美- A,550円,未開封,,
4178033,フィギュアPLAY ARTS KINGDOM HEARTS II アクセル 【フィギュア】[スクウェア・エニックス],"3,300円",未開封,箱イタミ有,1点
4178119,フィギュア鬼滅の刃 ワールドコレクタブルフィギュア～無惨様の前だぞ～ 魘夢,550円,未開封,,1点
4178126,フィギュア鬼滅の刃 フィギュア -鬼ノ装- 弐の型 累,550円,未開封,,
4179746,フィギュア僕のヒーローアカデミア THE MOVIE WORLD HEROES' MISSION THE AMAZING HEROES -轟焦凍-,"1,870円",未開封,,1点
4179769,フィギュア僕のヒーローアカデミア Q posket -麗日お茶子- A,"1,320円",未開封,,
4179772,フィギュア僕のヒーローアカデミア THE EVIL VILLAINS vol.2 死柄木弔,"1,320円",未開封,,
4179808,フィギュア呪術廻戦 呪祓ノ術 -五条悟-,660円,未開封,,
4180179,"フィギュア鬼滅の刃 プレミアムちょこのせフィギュア ""煉獄杏寿郎""","1,430円",未開封,箱イタミ有,1点
4180278,フィギュアドラゴンボールZ Q posket -LUNCH- A,880円,未開封,,
4180295,フィギュア鋼の錬金術師 FULLMETAL ALCHEMIST TOONIZE -アルフォンス・エルリック- B,990円,未開封,箱イタミ有,1点
4180304,フィギュア仮面ライダーセイバー フィギュア 仮面ライダーセイバー ブレイブドラゴン,990円,未開封,箱破れ有,1点
4180674,フィギュア呪術廻戦 虎杖悠仁 【フィギュア】[メガハウス],"9,900円",未開封,箱イタミ有,
4071559,フィギュアちびきゅんキャラ ラブライブ!サンシャイン!! ～君のこころは輝いてるかい?～ vol.1 桜内梨子,440円,未開封,,1点
4071579,フィギュアちびきゅんキャラ ラブライブ!サンシャイン!! ～君のこころは輝いてるかい?～ vol.3 黒澤ダイヤ,550円,未開封,,1点
4072788,フィギュア鬼滅の刃 フィギュア -鬼ノ装- 壱の型 鬼舞辻無惨,605円,未開封,,
4073788,フィギュア鬼滅の刃 Q posket -冨岡義勇- B,660円,未開封,,1点
4088845,フィギュア機動戦士ガンダム INTERNAL STRUCTURE MS-06F ザクII A,880円,未開封,,1点
4088864,フィギュアONEPIECE DXF ～THE GRANDLINE LADY～ ワノ国 vol.3 お菊,"1,650円",未開封,,1点
4090405,フィギュア艦隊これくしょん -艦これ- 水上偵察機 E16A1 瑞雲 【フィギュア】[C2機関|二子玉川酒保],"7,700円",未開封,箱イタミ有,1点
4090947,フィギュア鬼滅の刃 Grandista -KAMADO TANJIRO- 竈門炭治郎,660円,未開封,,1点
4090949,フィギュア呪術廻戦 フィギュア 釘崎野薔薇,880円,未開封,,
4090972,フィギュアONEPIECE  Sweet Style Pirates -REBECCA- A,"1,100円",未開封,,1点
4029075,フィギュアRe:ゼロから始める異世界生活 -Relax time- レム T-Shirt ver.,"1,320円",未開封,,1点
4034062,フィギュア一番くじプレミアム 涼宮ハルヒの籤引 D賞 消失ver. きゅんキャラセット 長門有希&キョン,440円,未開封,,1点
4034841,フィギュアラブライブ!サンシャイン!! Q posket -想いよひとつになれ 渡辺曜- A,880円,未開封,,
4040314,フィギュア呪術廻戦 呪祓ノ術 -伏黒恵-,660円,未開封,,
4040991,フィギュア僕のヒーローアカデミア AGE OF HEROES -HAWKS & RED RIOT- 切島鋭児郎,"1,100円",未開封,,1点
4046795,フィギュアPROPLICA 呪術廻戦 特級呪物 両面宿儺の指 【フィギュア】[BANDAI SPIRITS],"3,520円",未開封,1か所テープ剝がれ有,1点
4049601,フィギュア刀剣乱舞 ゆらゆらソーラー 堀川国広,660円,未開封,,1点
4049602,フィギュア刀剣乱舞 ゆらゆらソーラー 堀川国広,550円,未開封,ブリスター破損,1点
4054330,フィギュア鬼滅の刃 フィギュア -絆ノ装- 拾陸ノ型 悲鳴嶼行冥,770円,未開封,,
4054357,フィギュア鬼滅の刃 ワールドコレクタブルフィギュア～竈門禰豆子コレクション～ II 竈門禰豆子 D,440円,未開封,,
4061743,フィギュアおねむたん 呪術廻戦 五条悟 【フィギュア】[スタンド・ストーンズ],550円,未開封,,
4067908,フィギュア鬼滅の刃 Q posket -胡蝶しのぶ- A,660円,未開封,,
4069936,フィギュア呪術廻戦 フィギュア 伏黒恵,550円,未開封,箱イタミ有,1点
4093829,フィギュアMETAL BUILD 機動戦士ガンダム00 ダブルオーガンダム (トランザムライザー) 【TAMASHII NATION 2011】 【フィギュア】[バンダイ],"143,000円",未開封,箱イタミ有,1点
4095957,フィギュア呪術廻戦 ひっかけフィギュア 2 七海建人,990円,未開封,,
4101362,フィギュア仮面ライダーシリーズ R/D 仮面ライダー電王 ソードフォーム,"1,540円",未開封,箱イタミ有,1点
4108106,フィギュアTWIST ACTION FORM 仮面ライダー電王 モモタロスイマジン 【フィギュア】[バンダイ],"2,090円",未開封,箱・帯イタミ,1点
4111199,フィギュア一番くじ ラブライブ!サンシャイン!! -2nd- C賞 桜内梨子 きゅんキャラ,440円,未開封,,1点
4112701,フィギュア呪術廻戦 ひっかけフィギュア 2 夏油傑,880円,未開封,箱イタミ有,
4112866,フィギュアONEPIECE LADY EDGE:WEDDING -PERHONA- A (ホワイト),"1,210円",未開封,,1点
4113317,フィギュアFiguarts mini 鬼滅の刃 悲鳴嶼行冥 【フィギュア】[BANDAI SPIRITS],"2,640円",未開封,箱イタミ有,1点
4113852,"フィギュア劇場版 艦隊これくしょん -艦これ- プレミアムフィギュア """"暁""""",770円,未開封,箱イタミ有,1点
4007650,フィギュア鬼滅の刃 Q posket -嘴平伊之助- A,"1,980円",未開封,,1点
4012561,フィギュアラブライブ!サンシャイン!! The School Idol Movie Over the Rainbow Hi!Cheese! フィギュア ～黒澤ルビィ～,"1,100円",未開封,,1点
4012562,フィギュアラブライブ!サンシャイン!! The School Idol Movie Over the Rainbow Hi!Cheese! フィギュア ～高海千歌～,880円,未開封,,1点
4012657,"フィギュアラブライブ!虹ヶ咲学園スクールアイドル同好会 スーパープレミアムちょこのせフィギュア ""上原歩夢&宮下愛"" 上原歩夢",880円,未開封,,
4013894,フィギュア鬼滅の刃 フィギュア -絆ノ装- 拾肆ノ型 甘露寺蜜璃,"1,540円",未開封,,
4013987,フィギュア劇場版 Fate/Grand Order -神聖円卓領域キャメロット- Servant Figure ～ニトクリス～,880円,未開封,,
4014039,"フィギュアMARVEL COMICS スーパープレミアムフィギュア ""Wolverine""","1,650円",未開封,,1点
4018694,フィギュアONEPIECE ハイスペックカラーリングフィギュア 6 赤犬(サカズキ),"1,320円",未開封,箱イタミ有,1点
4019665,"フィギュア鬼滅の刃 スーパープレミアムフィギュア ""竈門炭治郎"" -兄妹の絆-",880円,未開封,,1点
4021234,フィギュアおそ松さん トレーディングフィギュア おし松セット 松野一松 【GOODSMILE ONLINE SHOP限定】 【フィギュア】[オランジュ・ルージュ],880円,未開封,,1点
4137466,フィギュア鬼滅の刃 Q posket -栗花落カナヲ- セピアカラーver.,880円,未開封,,
4142012,フィギュア刀剣乱舞 ちょこっとひっかけフィギュアぷち 6 髭切,990円,未開封,,1点
4147010,フィギュアBORUTO -ボルト- NARUTO NEXT GENERATIONS VIBRATION STARS -UZUMAKI NARUTO & UZUMAKI BORUTO- うずまきボルト,880円,未開封,,1点
4148330,フィギュアヒプノシスマイク-Division Rap Battle- ひっかけフィギュア MAD TRIGGER CREW 碧棺左馬刻(Mr.HC),"2,530円",未開封,上部一か所テープ剥がれ有,1点
4154336,フィギュアラブライブ!虹ヶ咲学園スクールアイドル同好会 フィギュア 宮下愛,660円,未開封,,
4154846,フィギュアご注文はうさぎですか? BLOOM ミニフィギュア 千夜 【フィギュア】[PLUM],"1,980円",未開封,,
4182761,フィギュア一番くじ ジョジョの奇妙な冒険 Part7 スティール・ボール・ラン H賞 ワールドコレクタブルフィギュア 砂男,550円,未開封,箱イタミ有,1点
4182785,フィギュアジョジョの奇妙な冒険 ファントムブラッド ワールドコレクタブルフィギュア vol.3 ジョナサン・ジョースター,990円,未開封,箱イタミ有,1点
4188244,フィギュアフレームアームズ・ガール 充電くん GOURAI Ver. [コトブキヤ],"1,320円",未開封,箱イタミ有,1点
4190382,フィギュア鬼滅の刃 おひるねこミニフィギュア Vol.2 不死川玄弥,770円,未開封,,1点
4191850,フィギュアドラゴンボール超 MAXIMATIC THE VEGETA I,990円,未開封,,1点
4192297,フィギュアQ posket -倖田來未- A,880円,未開封,,1点
4194644,フィギュア転生したらスライムだった件 Q posket -魔王リムル=テンペスト- B,605円,未開封,,
4196058,フィギュアQ posket -kemio- B,660円,未開封,,1点
4196199,フィギュアHUGっと!プリキュア キューティーフィギュア 4 キュアアムール マザーハートスタイル 【フィギュア】[バンダイ],440円,未開封,箱イタミ有　※食品は保証外になります,1点
4197022,フィギュアひぐらしのなく頃に解 でふぉるまにあこれくしょん・ぽけっと Vol.3 鷹野三四,"3,300円",未開封,,1点
4197764,フィギュア一番くじ クイズRPG 魔法使いと黒猫のウィズ B賞 リルム ちびきゅんキャラ リルム・ロロット,550円,未開封,,1点
3267830,フィギュアQ posket perfumagic Disney Characters -Princess Aurora- B,880円,未開封,,
3267856,フィギュアQ posket perfumagic Disney Characters -Princess Aurora- A,880円,未開封,,1点
3825231,フィギュアFiguarts mini 荒野のコトブキ飛行隊 エンマ 【フィギュア】[BANDAI SPIRITS],880円,未開封,,1点
3777136,フィギュアラブライブ!サンシャイン!! スーパープレミアムフィギュア 高海千歌,550円,未開封,箱イタミ有,
3791697,フィギュア一番くじ 鬼滅の刃 A賞 竈門炭治郎 フィギュア,"5,720円",未開封,箱イタミ有,1点
3801015,フィギュア一番くじ フィギュアセレクション ワンピース ～王下七武海～ D賞 王下七武海会議招集メンバー ゲッコー・モリア,"1,100円",未開封,,1点
3801035,フィギュアDRAGONBALL LEGENDS COLLAB ワールドコレクタブルフィギュア vol.2 クリリン,770円,未開封,,1点
3801520,フィギュアONEPIECE ワールドコレクタブルフィギュア vol.12 TV096 アーロン,770円,未開封,,1点
3868728,フィギュアDRAGONBALL LEGENDS COLLAB ワールドコレクタブルフィギュア vol.1 超サイヤ人 バーダック,660円,未開封,,1点
3870091,フィギュアONEPIECE TREASURE CRUISE WORLD JOURNEY vol.2 -SANJI-,"1,760円",未開封,箱イタミ有,1点
3877585,フィギュアDisney TWISTED-WONDERLAND Q posket petit vol.1 デュース・スペード,770円,未開封,,
3883220,フィギュアDisney TWISTED-WONDERLAND Q posket petit vol.1 リドル・ローズハート,660円,未開封,,
3964141,フィギュアS.H.Figuarts ブラック・ウィドウ タスクマスター 【フィギュア】[BANDAI SPIRITS],"5,500円",未開封,箱イタミ有,1点
3968048,フィギュアRe:ゼロから始める異世界生活 ESPRESTO est-Clear&Dressy- レム,"1,320円",未開封,,
3968074,フィギュアDisney TWISTED-WONDERLAND Q posket petit vol.3 ラギー・ブッチ,440円,未開封,,
3968207,フィギュアドラゴンボールZ Q posket -BULMA- アナザーカラーver.,880円,未開封,,1点
3968362,フィギュアONEPIECE MAXIMATIC THE MONKEY.D.LUFFY II,"1,210円",未開封,箱イタミ有,1点
3968416,"フィギュアドラゴンボール超 MAXIMATIC THE SON GOKU VI 孫悟空(身勝手の極意""兆"")",660円,未開封,,
3970793,フィギュアラブライブ!虹ヶ咲学園スクールアイドル同好会 フィギュア 上原歩夢,495円,未開封,,
3970825,フィギュア鬼滅の刃 フィギュア -絆ノ装- 拾伍ノ型 不死川実弥,605円,未開封,,
3972334,"フィギュア劇場版 艦隊これくしょん -艦これ- プレミアムフィギュア """"雷""""",770円,未開封,,
3984343,フィギュアDisney TWISTED-WONDERLAND Q posket petit vol.3 ジャック・ハウル,440円,未開封,,1点
3986264,フィギュアDisney TWISTED-WONDERLAND Q posket petit vol.2 トレイ・クローバー,440円,未開封,,1点
3986875,フィギュア呪術廻戦 ひっかけフィギュア 1 虎杖悠仁,880円,未開封,,
3992671,"フィギュア鬼滅の刃 プレミアムちょこのせフィギュア ""栗花落カナヲ""","1,100円",未開封,,
3996253,フィギュアシン・エヴァンゲリオン劇場版 ミニディスプレイフィギュア Vol.1 渚カヲル,"1,650円",未開封,,1点
4002158,フィギュアDisney TWISTED-WONDERLAND Q posket petit vol.2 ディア・クロウリー,440円,未開封,,
3845970,フィギュア艦隊これくしょん -艦これ- -Ceylon Tea Party- SQフィギュア 高速戦艦 霧島,770円,未開封,箱イタミ有,1点
3946291,フィギュア鬼滅の刃 VIBRATION STARS ～竈門禰豆子コレクション～,880円,未開封,,
4410842,フィギュアシン・エヴァンゲリオン劇場版 ミニディスプレイフィギュア Vol.1 碇シンジ,"3,850円",未開封,,1点
4410876,フィギュアシン・エヴァンゲリオン劇場版 ミニディスプレイフィギュア Vol.2 式波・アスカ・ラングレー,"2,750円",未開封,,1点
4411981,フィギュア一番くじ ハイキュー!! ベアブリック ～ベアブリッくじ～ D賞 3年生デザインベアブリックセット 澤村大地&菅原孝支&東峰旭,"1,650円",未開封,,1点
4412756,フィギュアホロライブ #hololive IF petit -Relax time- 湊あくあ,"2,420円",未開封,,
4412766,フィギュアRe:ゼロから始める異世界生活 プレシャスフィギュア レム ～オリジナル桜イメージ ver.～ Renewal,"1,650円",未開封,,
4412772,フィギュア呪術廻戦 呪魂ノ型 -伏黒恵-,"1,320円",未開封,,1点
4412820,フィギュアラブライブ!スーパースター!! フィギュア 唐可可,"1,650円",未開封,,
4412823,フィギュアかぐや様は告らせたい?～天才たちの恋愛頭脳戦～ Kyunties フィギュア 藤原千花,"1,650円",未開封,,
4412870,フィギュアONEPIECE  Sweet Style Pirates -NICO ROBIN- B,"1,320円",未開封,,1点
4412873,"フィギュアドラゴンボール超 地球育ちのサイヤ人-孫悟空(身勝手の極意""兆"")-","1,980円",未開封,,
4412878,フィギュアDRAGON BALL Z DOKKAN BATTLE 7TH ANNIVERSARY FIGURE -超サイヤ人ゴッド孫悟空-,"1,320円",未開封,,1点
4413342,フィギュアカグラナナ Artist Ver. 【フィギュア】[RIBOSE(核糖文化)],"22,000円",未開封,,1点
4414844,フィギュア一番くじきゅんキャラわーるど ポケットモンスター ベストウイッシュ ちびきゅんキャラ 『ポケットモンスター』 賞 ミジュマル,440円,未開封,,1点
4415890,フィギュア鬼滅の刃 ワールドコレクタブルフィギュア vol.1 鱗滝左近次,660円,未開封,,
4416235,フィギュア一番くじ 僕のヒーローアカデミア ULTRA IMPACT ラストワン賞(ダブルチャンスキャンペーン) 緑谷出久 ULTRA IMPACT ;figure ラストワンver.,"2,970円",未開封,,1点
4418649,フィギュアねんどろいどこ～で プリパラ 真中らぁら キューティーリボンコーデ 【フィギュア】[グッドスマイルカンパニー],"4,950円",未開封,,1点
4421983,フィギュア一番くじプレミアム 魔法少女まどか☆マギカ ～Magiccraft～ ラストワン賞 スペシャルver. 巴マミ プレミアムフィギュア,"6,050円",未開封,,1点
4422362,フィギュア呪術廻戦 呪祓ノ術 -釘崎野薔薇-,"1,100円",未開封,,
4422793,フィギュアちびきゅんキャラ 黒子のバスケ ～after the game～ 誠凛 vol.1 小金井慎二,550円,未開封,,1点
4422796,フィギュアちびきゅんキャラ Free! vol.2 橘真琴,660円,未開封,箱イタミ有,1点
4422804,フィギュアちびきゅんキャラ Free! vol.1 七瀬遙,660円,未開封,箱イタミ有,1点
4425168,フィギュアディズニーキャラクターズ あみこっと ～くまのプーさん～ プー B,"1,100円",未開封,,1点
4425193,フィギュアDisney Characters Q posket -Alice Thinking Time- A ノーマル,"1,320円",未開封,,1点
4425198,フィギュアDisney Characters Q posket -Anna- B パステルカラーver.,"1,980円",未開封,,1点
4425230,フィギュアディズニーキャラクターズ Patisserie au Sucre -Cinderella- B,880円,未開封,,1点
4425232,フィギュアくまのプーさん ディズニーキャラクターズ SUPREME COLLECTION -WINNIE THE POOH- HUNNY&HUNNY プー,"1,320円",未開封,,1点
4425277,"フィギュアRe:ゼロから始める異世界生活 プレミアムフィギュア ""ラム"" curtsey","3,850円",未開封,,1点
4425278,フィギュア星のカービィ Paldolce collection vol.4 カービィ B,"1,650円",未開封,,1点
4425511,フィギュア一番くじ THE IDOLM＠STER PART2 C賞 天海春香 ちびきゅんキャラ&ステージセット,660円,未開封,,1点
4425584,フィギュアRe:ゼロから始める異世界生活 ESPRESTO -Monster motions- レム,"1,650円",未開封,,
4425615,フィギュア初音ミク フィギュア 桜ミク 描き下ろしイラストver. タイクレ限定,"3,630円",未開封,箱イタミ有,1点
4426957,フィギュアFate/Grand Order -終局特異点 冠位時間神殿ソロモン- ロマニ・アーキマン,"1,430円",未開封,,1点
4431898,フィギュアゆらゆらヘッド 東京リベンジャーズ 花垣武道 【フィギュア】[タカラトミーアーツ],"1,100円",未開封,箱イタミ有・窓枠剥がれ有,1点
4432439,フィギュアM.S.G モデリングサポートグッズ ニューフライングベース [コトブキヤ],"1,320円",未開封,,
4432754,フィギュア初音ミク フィギュア オリジナル秋服ver. 初音ミク ～Renewal～ 限定カラー,"1,870円",未開封,,1点
4433151,フィギュアMETAL BUILD 機動戦士ガンダムSEED エールストライカー -METAL BUILD 10th Ver.- 【魂ウェブ商店限定】 【フィギュア】[BANDAI SPIRITS],"19,800円",未開封,,1点
4433673,フィギュアるかっぷ 呪術廻戦 虎杖悠仁+メガトレショップ/プレミアムバンダイ限定特典 オリジナルデザインミニ座布団セット 【メガトレショップ/プレミアムバンダイ限定】 【フィギュア】[メガハウス],"3,190円",未開封,箱イタミ有,
4434180,フィギュアけいおん!! きゅんキャラ 平沢唯 ローソンオリジナルカラーサンタVer.,"1,100円",未開封,,1点
4434826,フィギュアHI-METAL R 機甲戦記ドラグナー ドラグナー1カスタム 【フィギュア】[BANDAI SPIRITS],"15,180円",未開封,箱イタミ有,1点
4436769,フィギュアQ posket Disney Characters -Jasmine- ノーマル,"1,100円",未開封,,
4436771,フィギュアQ posket Disney Characters -Maleficent- B (ブルー),880円,未開封,,
4436889,フィギュア一番くじプレミアム THE IDOLM＠STER PART 2 C賞 菊地真 プレミアムフィギュア,550円,未開封,箱イタミ有,
4440643,フィギュア僕のヒーローアカデミア THE AMAZING HEROES vol.16 波動ねじれ,"2,200円",未開封,,
4441992,フィギュア劇場版 呪術廻戦 0 呪魂ノ型 -乙骨憂太-,"2,200円",未開封,,1点
4443573,フィギュアまちカドまぞく 千代田桃 水着ver. 【フィギュア】[コトブキヤ],"11,000円",未開封,,1点
4444272,フィギュアVOCALOID supercell feat.初音ミク ワールドイズマイン ナチュラルフレーム 【フィギュア】[グッドスマイルカンパニー],"8,800円",未開封,箱イタミ有,1点
4444673,フィギュアキャラクター・ボーカル・シリーズ 01 初音ミク 深海少女ver. 【フィギュア】[グッドスマイルカンパニー],"14,850円",未開封,箱イタミ有,1点
4444838,"フィギュア呪術廻戦 スーパープレミアムフィギュア ""伏黒恵""","1,650円",未開封,,1点
4444843,フィギュアONEPIECE GLITTER&GLAMOURS -NAMI WANOKUNI STYLE- II A,"1,760円",未開封,,1点
4444846,フィギュアONEPIECE DXF～THE GRANDLINE MEN～ ワノ国 vol.19 トラファルガー・ロー,"2,200円",未開封,,
4445524,フィギュアドラゴンクエスト AM ぐらぐらソーラーフィギュアプチ ～ホイミスライムと仲間たち編～ ホイミスライム,880円,未開封,,1点
4447618,フィギュアおそ松さん ワールドコレクタブルフィギュア ～ひな松さん～ 松野カラ松,440円,未開封,,1点
4447619,フィギュアおそ松さん ワールドコレクタブルフィギュア -銭湯編- 松野十四松,330円,未開封,箱イタミ有,1点
4447627,フィギュアおそ松さん 松にも衣装 vol.5 松野おそ松  パールカラーver.,660円,未開封,,1点
4448047,フィギュア一番くじ ONEPIECE ～麦わらの一味、航海の軌跡～ B賞 ゾロ フィギュア ロロノア・ゾロ,"2,750円",未開封,箱イタミ有,1点
4449516,"フィギュア艦隊これくしょん -艦これ- リミテッドプレミアムフィギュア """"榛名改二-情動艦娘""""",880円,未開封,,1点
4449823,フィギュアACT MODE 痛いのは嫌なので防御力に極振りしたいと思います。 メイプル 機械神Ver. 【フィギュア】[グッドスマイルカンパニー],"11,000円",未開封,,1点
4450649,フィギュア超次元ゲイム ネプテューヌ ちょこすた ネプギア 【フィギュア】[ブロッコリー],"4,400円",未開封,箱イタミ有,1点
4450695,フィギュアS.I.C. VOL.59 仮面ライダーW ファングジョーカー&仮面ライダースカル 【フィギュア】[バンダイ],"11,000円",未開封,箱イタミ,1点
4451040,フィギュアMODEROID OBSOLETE 1/35 エグゾフレーム(サンドカラーVer.) [Nitro+],660円,未開封,,1点
4453148,フィギュアスーサイド・スクワッド Q posket -HARLEY QUINN- A ノーマル,"5,500円",未開封,,1点
4453150,フィギュアQ posket Disney Characters -Special Coloring vol.3- ラプンツェル,880円,未開封,,
4453177,フィギュアDisney Characters Q posket -Briar Rose(Princess Aurora)- ノーマルver.,880円,未開封,,
4453178,フィギュアDisney Characters Q posket -Tinker Bell- ノーマル,880円,未開封,,
4453179,フィギュアディズニーキャラクターズ DXF MICKEY MOUSE -Mummy style- A,660円,未開封,,
4453181,フィギュアディズニーキャラクターズ DXF MICKEY MOUSE -Mummy style- B,660円,未開封,,
4453377,フィギュアQ posket Disney Characters -Special Coloring vol.3- ベル,880円,未開封,,
4453391,フィギュアONEPIECE GLITTER&GLAMOURS -NAMI&HANCOCK- SPECIALver. ボア・ハンコック B (ホワイト),"1,980円",未開封,,1点
4453392,フィギュアONEPIECE GLITTER&GLAMOURS -NAMI&HANCOCK- SPECIALver. ナミ A (ブラック),"1,650円",未開封,,1点
4453396,フィギュアスター・ウォーズ プレミアム 1/10スケールフィギュア ダース・ベイダー Ver.2,"1,650円",未開封,窓枠剥がれ有,1点
4453412,フィギュアDisney Characters Q posket petit -Villains- マレフィセント,660円,未開封,,1点
4482386,フィギュアドラゴンクエスト AM ぐらぐらソーラーフィギュア メタルかがみもち&スライムタワー メタルかがみもち,"1,430円",未開封,,1点
4493381,フィギュアHGカスタマイズキャンペーン 2016 Summer 第2弾 E ブレードビームガン [バンダイ],440円,未開封,,1点
4494001,フィギュア鬼滅の刃 フィギュア -鬼ノ装- 弐の型 鬼舞辻無惨 セピアカラーver.,440円,未開封,,中野店ﾌｨｷﾞｭｱ･ﾎﾋﾞｰ館
4494003,フィギュア鬼滅の刃 フィギュア -鬼ノ装- 壱の型 鬼舞辻無惨,660円,未開封,,中野店ﾌｨｷﾞｭｱ･ﾎﾋﾞｰ館
4494008,"フィギュア鬼滅の刃 プレミアムTip'n'Pop ""竈門禰豆子"" B",440円,未開封,,1点
4494009,"フィギュア初音ミク Project DIVA Arcade Future Tone スーパープレミアムフィギュア ""初音ミク-ジャー★ジ""",990円,未開封,,1点
4494016,フィギュアTHE IDOLM＠STER シンデレラガールズ ESPRESTO est-Dressy and Gear chair- 北条加蓮,880円,未開封,,1点
4494032,フィギュア鬼滅の刃 TOONIZE -竈門禰豆子- B (カートゥーンカラー),660円,未開封,,1点
4494035,フィギュア転生したらスライムだった件 -Otherworlder- フィギュア vol.11 ゴブタ 特別仕様,880円,未開封,,1点
4494050,フィギュア呪術廻戦 呪祓ノ術 -伏黒恵-,550円,未開封,,中野店ﾌｨｷﾞｭｱ･ﾎﾋﾞｰ館
4494553,フィギュアRe:ゼロから始める異世界生活 ESPRESTO -Fairy elements- レム,550円,未開封,,1点
4494554,フィギュアRe:ゼロから始める異世界生活 プレシャスフィギュア レム ～チャイナメイド ver.～ Renewal,990円,未開封,箱イタミあり,1点
4494057,フィギュアNARUTO-ナルト- 疾風伝 VIBRATION STARS -NAMIKAZE MINATO- 波風ミナト,"1,760円",未開封,,1点
4494076,フィギュアONEPIECE MAXIMATIC THE TRAFALGAR.LAW II,"1,320円",未開封,,中野店ﾌｨｷﾞｭｱ･ﾎﾋﾞｰ館
832849,フィギュアねんどろいど 510 ラブライブ! 園田海未 【フィギュア】[グッドスマイルカンパニー],"2,640円",未開封,,
1528825,フィギュアねんどろいど 773 BanG Dream! 花園たえ 【フィギュア】[グッドスマイルカンパニー],"5,500円",未開封,,1点
1954102,フィギュアねんどろいど 903 ゆるキャン△ 各務原なでしこ 【フィギュア】[マックスファクトリー],"6,050円",未開封,,1点
2230465,フィギュアご注文はうさぎですか?? スペシャルフィギュア ～チノ セーラーver.～ チノ(香風智乃),"1,650円",未開封,,1点
2318486,フィギュアドラゴンボール超 TAG FIGHTERS -SON GOKOU- 孫悟空,880円,未開封,,
2459635,フィギュアONEPIECE Grandista -THE GRANDLINE MEN- PORTGAS・D・ACE,"1,760円",未開封,,
2495575,フィギュアFate/Grand Order ジャンヌ・ダルク[オルタ] (アヴェンジャー)【ANIPLEX+限定】 【フィギュア】[ANIPLEX],"19,800円",未開封,,1点
2920148,フィギュアねんどろいど 889 ハイキュー!! 及川徹 制服Ver. 【フィギュア】[オランジュ・ルージュ],"16,500円",未開封,,1点
3171137,フィギュアドラゴンボールZ Grandista -Resolution of Soldiers- GOTENKS,"1,320円",未開封,箱イタミ有,
3305364,フィギュアドラゴンボール超 超戦士列伝 ～第六章 受け継がれる力～ 超サイヤ人 孫悟飯:少年,"1,320円",未開封,,1点
3329088,フィギュアドラゴンボール超 超戦士列伝 ～第六章 受け継がれる力～ 孫悟飯,"1,320円",未開封,,1点
3397865,フィギュアTHE IDOLM＠STER シンデレラガールズ ESPRESTO-Shining materials- スターリーブライドのアナスタシア,"1,100円",未開封,,1点
3530990,フィギュアねんどろいど 1131 刀剣乱舞 蜂須賀虎徹 【フィギュア】[オランジュ・ルージュ],"4,620円",未開封,,1点
3654275,フィギュアねんどろいど 1306 五等分の花嫁 中野三玖 【フィギュア】[グッドスマイルカンパニー],"7,150円",未開封,,1点
3787000,フィギュア初音ミク フィギュア 3rd season autumn ver. 初音ミク,"4,400円",未開封,,
3808585,フィギュアねんどろいど 1412 名探偵コナン 怪盗キッド 【フィギュア】[グッドスマイルカンパニー],"6,600円",未開封,,
3842978,フィギュアるかっぷ 鬼滅の刃 胡蝶しのぶ 【フィギュア】[メガハウス],"4,840円",未開封,,1点
3866466,フィギュアねんどろいど 1357 名探偵コナン 工藤新一 【フィギュア】[グッドスマイルカンパニー],"5,225円",未開封,箱イタミ有,1点
3930777,フィギュアねんどろいど 1316 ヒプノシスマイク-Division Rap Battle- 有栖川帝統(Dead or Alive)+アニメイト購入特典 専用台座 ストリートデザインVer. セット 【アニメイト限定】 【フィギュア】[FREEing],"6,600円",未開封,,
3930778,フィギュアねんどろいど 1323 ヒプノシスマイク-Division Rap Battle- 観音坂独歩(DOPPO)+GOODSMILE ONLINE SHOP購入特典 専用台座 ディビジョンカラーVer. セット 【GOODSMILE ONLINE SHOP限定】 【フィギュア】[FREEing],"8,800円",未開封,,
3969879,フィギュア初音ミク フィギュア 3rd season winter ver. 初音ミク,"3,300円",未開封,,
4011257,フィギュアfigma 213 進撃の巨人 リヴァイ+GOOD SMILE ONLINESHOP購入特典 di:stage ベースユニット 屋根柄 セット 【GOOD SMILE ONLINESHOP限定】 【フィギュア】[マックスファクトリー],"15,400円",未開封,箱イタミ有,1点
4025403,フィギュアねんどろいど 841 刀剣乱舞 髭切 (再販) 【フィギュア】[オランジュ・ルージュ],"4,510円",未開封,,1点
4032340,フィギュアねんどろいど 841 刀剣乱舞 髭切 (再販)+GOODSMILE ONLINE SHOP購入特典 ねんどろいどぷらす ラバーストラップ 髭切 にっこりVer. セット 【GOODSMILE ONLINE SHOP限定】 【フィギュア】[オランジュ・ルージュ],"4,180円",未開封,,1点
4054355,フィギュアRe:ゼロから始める異世界生活 ぬーどるストッパーフィギュア -レム・ルームウェア-,"1,210円",未開封,箱イタミ有,1点
4077079,フィギュア一番くじ ハイキュー!! ～新・ゴミ捨て場の決戦!～ C賞 影山飛雄リアルフィギュア,"3,850円",未開封,箱イタミ有,1点
4090642,フィギュアPOP UP PARADE 五等分の花嫁∬ 中野五月 【フィギュア】[グッドスマイルカンパニー],"4,180円",未開封,,
4119856,フィギュア一番くじ Re:ゼロから始める異世界生活 -あなたに、精霊の祝福がありますように- C賞 レム フィギュア,"1,980円",未開封,箱イタミ有,1点
4173601,フィギュア転生したらスライムだった件 ESPRESTO -Attractive pose- シュナ,"1,650円",未開封,,
4179076,フィギュアPOP UP PARADE To LOVEる -とらぶる- ダークネス モモ・ベリア・デビルーク 【フィギュア】[グッドスマイルカンパニー],"2,970円",未開封,,1点
4179382,フィギュアるかっぷ 呪術廻戦 虎杖悠仁 【フィギュア】[メガハウス],"2,530円",未開封,,
4195035,フィギュアるかっぷ 呪術廻戦 虎杖悠仁 【フィギュア】[メガハウス],"2,420円",未開封,箱イタミ有,1点
4202277,フィギュア一番くじ Fate/Grand Order Cosmos in the Lostbelt A賞 クリプター/キリシュタリア・ヴォーダイム フィギュア,"3,190円",未開封,箱イタミ有,1点
4216848,フィギュアねんどろいど 1207 ヒプノシスマイク-Division Rap Battle- 山田一郎(MC.B.B)+GOODSMILE ONLINE SHOP購入特典 専用台座 ディビジョンカラーVer. セット 【GOODSMILE ONLINE SHOP限定】 【フィギュア】[FREEing],"8,250円",未開封,特典開封品,1点
4226938,フィギュア転生したらスライムだった件 -Otherworlder Plus- フィギュア 悪魔ディアブロ,"2,200円",未開封,,
4239885,フィギュアエロマンガ先生 Coreful フィギュア 和泉紗霧 ～パーカーver.～,"1,100円",未開封,箱イタミ有,1点
4247409,フィギュア初音ミク フィギュア 3rd season 初音ミク Spring ver. タイクレ限定,"1,650円",未開封,,1点
4247410,フィギュア初音ミク フィギュア 3rd season 初音ミク Spring ver. タイクレ限定,"1,540円",未開封,箱イタミ有,
4251911,フィギュア一番くじ 五等分の花嫁∬ ～あなたと一緒に。～ D賞 中野四葉 ワンピース衣装フィギュア,"3,300円",未開封,,1点
4261481,フィギュアねんどろいど 752 けものフレンズ サーバル 【フィギュア】[グッドスマイルカンパニー],"1,870円",未開封,窓枠剥がれ有,1点
4264709,フィギュアfigma 02♀ archetype next:she flesh color ver. (再販) 【フィギュア】[マックスファクトリー],"6,050円",未開封,,1点
4264712,フィギュアfigma 02♀ archetype next:she flesh color ver. (再販) 【フィギュア】[マックスファクトリー],"5,830円",未開封,台紙イタミ,1点
4272159,フィギュアラブライブ!スーパースター!! SSSフィギュア ～澁谷かのん～,"1,430円",未開封,,
4274788,フィギュアソードアート・オンライン II 閃光のアスナ アインクラッドのアイドルVer. 【電撃屋限定】 【フィギュア】[KADOKAWA|アスキー・メディアワークス],"11,550円",未開封,箱イタミ有,1点
4277559,フィギュアPOP UP PARADE 鬼滅の刃 我妻善逸 【フィギュア】[グッドスマイルカンパニー],"3,300円",未開封,箱イタミ有,1点
4295750,フィギュアねんどろいど 1508 羅小黒戦記 ムゲン 【フィギュア】[グッドスマイルアーツ上海],"4,400円",未開封,,
4295852,フィギュアONEPIECE Grandista -THE GRANDLINE MEN- SABO,"1,100円",未開封,,
4301146,フィギュアMETAL ROBOT魂 <SIDE MS> 機動戦士ガンダム 鉄血のオルフェンズ ガンダムバエル 【魂ウェブ商店限定】 【フィギュア】[BANDAI SPIRITS],"19,800円",未開封,,1点
4304440,フィギュア転生したらスライムだった件 ESPRESTO -Formal wear and base- リムル=テンペスト,"1,430円",未開封,,
4305889,フィギュアドラゴンボール超 超戦士列伝 ～第六章 受け継がれる力～ 孫悟飯,"1,320円",未開封,箱イタミ有,1点
4312068,フィギュアねんどろいど 475 アナと雪の女王 エルサ (再販) 【フィギュア】[グッドスマイルカンパニー],"3,850円",未開封,窓イタミ,1点
4312112,フィギュアねんどろいど 1107 ケムリクサ りん 【フィギュア】[グッドスマイルカンパニー],"2,200円",未開封,箱イタミ有,1点
4312387,フィギュアRe:ゼロから始める異世界生活 Coreful フィギュア レム ～パックイメージver.～,"1,320円",未開封,,
4315290,フィギュアドラゴンボール超 超戦士列伝 II ～第四章 下級戦士の覚醒～ 超サイヤ人ゴッド超サイヤ人孫悟空,"1,430円",未開封,,1点
4328849,フィギュアG.E.M.シリーズ 鬼滅の刃 てのひら禰豆子ちゃんもういっちょ 竈門禰豆子 【フィギュア】[メガハウス],"5,500円",未開封,,1点
4331800,フィギュア冴えない彼女の育てかた Fine Coreful フィギュア 加藤恵 ～制服ver.～,"1,650円",未開封,,
4342262,フィギュアPOP UP PARADE To LOVEる -とらぶる- ダークネス ララ・サタリン・デビルーク 【フィギュア】[グッドスマイルカンパニー],"2,530円",未開封,,1点
4348026,フィギュアSSSS.GRIDMAN 新条アカネ ～A wish come true～ 【フィギュア】[キューズQ],"19,800円",未開封,箱イタミ有,1点
4350517,フィギュアRe:ゼロから始める異世界生活 レム・バースデーケーキVer. 【フィギュア】[KADOKAWA],"12,100円",未開封,,
4351037,フィギュアTHE IDOLM＠STER シンデレラガールズ 神谷奈緒 一陣の情熱Ver. 【フィギュア】[アルター],"19,800円",未開封,,
4352566,フィギュア転生したらスライムだった件 -Otherworlder- フィギュア vol.3 ディアブロ,"4,400円",未開封,,1点
4353774,フィギュアドラゴンボール超 超戦士列伝 II ～第四章 下級戦士の覚醒～ 超サイヤ人バーダック,"1,320円",未開封,,1点
4355077,フィギュアソードアート・オンライン アリシゼーション War of Underworld アスナ チャイナドレスver. 【F:NEX限定】 【フィギュア】[フリュー],"20,900円",未開封,,1点
4365385,フィギュアRe:ゼロから始める異世界生活 レム・バースデーケーキVer. 【フィギュア】[KADOKAWA],"11,550円",未開封,箱イタミ、窓枠剝れ,1点
4366996,フィギュアご注文はうさぎですか? BLOOM スペシャルフィギュア ～千夜 チアリーダーver.～,"1,430円",未開封,,1点
4367194,フィギュアねんどろいど 1655 鬼滅の刃 胡蝶しのぶ 【フィギュア】[グッドスマイルカンパニー],"4,400円",未開封,,
4368766,"フィギュアプロジェクトセカイ カラフルステージ! スーパープレミアムフィギュア ""ステージのセカイの初音ミク""","1,980円",未開封,,
4370362,フィギュアARTFX J 僕のヒーローアカデミア ホークス 【フィギュア】[タカラトミー|コトブキヤ],"17,600円",未開封,,1点
4371306,フィギュアONEPIECE BATTLE RECORD COLLECTION-SANJI(OSOBA-MASK)-,"1,650円",未開封,,
4371309,フィギュアラブライブ!スーパースター!! SSSフィギュア ～平安名すみれ～,"1,980円",未開封,,
4373383,フィギュアねんどろいど 1628 ふしぎの海のナディア ナディア 【フィギュア】[グッドスマイルカンパニー],"5,500円",未開封,,1点
4373384,フィギュアねんどろいど 1543 ライザのアトリエ ～常闇の女王と秘密の隠れ家～ ライザ 【フィギュア】[toytec],"8,250円",未開封,,1点
4377603,フィギュアMETAL ROBOT魂 <SIDE MS> 機動戦士ガンダムSEED ジャスティスガンダム 【魂ウェブ商店限定】 【フィギュア】[BANDAI SPIRITS],"17,600円",未開封,,1点
4378732,フィギュアねんどろいど 861 Re:ゼロから始める異世界生活 ベアトリス (再販) 【フィギュア】[グッドスマイルカンパニー],"6,050円",未開封,,1点
4378734,フィギュアねんどろいど 1400 乙女ゲームの破滅フラグしかない悪役令嬢に転生してしまった… カタリナ・クラエス 【フィギュア】[グッドスマイルカンパニー],"6,600円",未開封,,1点
4379599,フィギュアねんどろいど 1690 NieR Replicant ver.1.22474487139... エミール 【フィギュア】[スクウェア・エニックス],"7,150円",未開封,,
4379934,フィギュア魔女の旅々 イレイナ 【フィギュア】[フリュー],"17,600円",未開封,,1点
4380968,フィギュアこの素晴らしい世界に祝福を! 2 ダクネス 【フィギュア】[ベルファイン],"22,000円",未開封,箱イタミ,1点
4381004,フィギュアPOP UP PARADE この素晴らしい世界に祝福を! ゆんゆん 【フィギュア】[マックスファクトリー],"3,630円",未開封,,1点
4381387,フィギュア艦隊これくしょん -艦これ- EXQフィギュア ～Gambier Bay 秋の私服mode～,880円,未開封,,1点
4381717,フィギュアPOP UP PARADE ノーゲーム・ノーライフ ゼロ シュヴィ 【フィギュア】[グッドスマイルカンパニー],"4,950円",未開封,箱スレ有,1点
4388029,フィギュアねんどろいど 1532-DX Fate/Grand Order ランサー/アルトリア・ペンドラゴン&ドゥン・スタリオン 【フィギュア】[グッドスマイルアーツ上海],"6,050円",未開封,,
4390498,フィギュアTo LOVEる -とらぶる- ダークネス モモ・ベリア・デビルーク ダークネスVer. (再販) 【フィギュア】[ユニオンクリエイティブ],"17,600円",未開封,,1点
4391031,フィギュアPOP UP PARADE 呪術廻戦 伏黒恵 【フィギュア】[グッドスマイルカンパニー],"3,630円",未開封,,1点
4392061,フィギュアPOP UP PARADE BanG Dream! ガールズバンドパーティ! 美竹蘭 【フィギュア】[グッドスマイルカンパニー],"3,300円",未開封,,1点
4395112,フィギュアPOP UP PARADE 僕のヒーローアカデミア トガヒミコ 【フィギュア】[タカラトミー|グッドスマイルカンパニー],"4,400円",未開封,,1点
4397694,フィギュア青春ブタ野郎はバニーガール先輩の夢を見ない Coreful フィギュア 桜島麻衣 ～クリアドレスver.～ タイクレ限定,"3,850円",未開封,,1点
4401752,フィギュアアズールレーン 龍鳳 鳳舞う正月ver. 【コトブキヤショップ限定】 【フィギュア】[コトブキヤ],"22,000円",未開封,,1点
4407320,フィギュアPOP UP PARADE 大神 アマテラス 【フィギュア】[グッドスマイルカンパニー],"4,400円",未開封,,1点
4411477,フィギュア一番くじ 転生したらスライムだった件 ～和魔国連邦!～ A賞(ダブルチャンスキャンペーン) リムル フィギュア 着物ver. リムル=テンペスト,"5,280円",未開封,箱イタミ有,1点
4412769,フィギュアRe:ゼロから始める異世界生活 BiCute Bunnies Figure -レム・チャイナ-,"1,650円",未開封,,
4412863,フィギュアONEPIECE DXF ～THE GRANDLINE SERIES～ ワノ国 vol.1 光月モモの助,"1,980円",未開封,,1点
4413152,フィギュアねんどろいど 1339 初音ミク マジカルミライ 2019Ver. 【フィギュア】[グッドスマイルカンパニー],"9,900円",未開封,,1点
4413889,フィギュアS.H.Figuarts ゼロワン Others 仮面ライダー滅亡迅雷 仮面ライダー滅亡迅雷 【魂ウェブ商店限定】 【フィギュア】[BANDAI SPIRITS],"9,900円",未開封,,1点
4418031,フィギュアソフィーのアトリエ ～不思議な本の錬金術士～ プラフタ 【フィギュア】[アルター],"22,000円",未開封,箱にスレ有,1点
4423434,フィギュア僕のヒーローアカデミア オールマイト 【フィギュア】[ホビーマックスジャパン],"9,900円",未開封,,1点
4425438,フィギュア初音ミク ぬーどるストッパーフィギュア -桜ミク 2022-,"1,980円",未開封,,1点
4425612,フィギュアRe:ゼロから始める異世界生活 プレシャスフィギュア レム ～ジャンパー水着 ver.～ Renewal タイクレ限定,"2,200円",未開封,,1点
4426952,フィギュア東方Project SSSフィギュア -比那名居天子-,"2,200円",未開封,箱イタミ有,1点
4427601,フィギュアねんどろいど 942 Re:ゼロから始める異世界生活 ラム&レム 幼少期ver. 【フィギュア】[グッドスマイルカンパニー],"17,600円",未開封,箱イタミ有,1点
4429725,フィギュアデート・ア・バレット 時崎狂三 花魁Ver. 【フィギュア】[KADOKAWA],"22,000円",未開封,,1点
4429761,フィギュアアークナイツ ぬーどるストッパーフィギュア -アーミヤ- 【フィギュア】[フリュー],"3,850円",未開封,,
4429763,フィギュア劇場版 ソードアート・オンライン -プログレッシブ- 星なき夜のアリア SSSフィギュア -アスナ/プログレッシブ-,"1,430円",未開封,,
4435311,フィギュアねんどろいど 1693 僕のヒーローアカデミア THE MOVIE WORLD HEROES' MISSION 轟焦凍 ステルススーツVer. 【フィギュア】[グッドスマイルカンパニー],"6,600円",未開封,,1点
4442951,フィギュアFate/Grand Order セイバー/アルトリア・ペンドラゴン[オルタ] 英霊旅装Ver. 【フィギュア】[グッドスマイルカンパニー],"16,500円",未開封,,1点
4444325,フィギュアPOP UP PARADE 鬼滅の刃 冨岡義勇 【フィギュア】[グッドスマイルカンパニー],"4,180円",未開封,,1点
4447296,フィギュアPOP UP PARADE 呪術廻戦 伏黒恵 【フィギュア】[グッドスマイルカンパニー],"3,520円",未開封,箱イタミ有,1点
4449815,フィギュアアズールレーン 龍鳳 鳳舞う正月ver. 【コトブキヤショップ限定】 【フィギュア】[コトブキヤ],"19,250円",未開封,窓枠剥がれ有,1点
4449820,フィギュア劇場版 冴えない彼女の育てかた Fine 澤村・スペンサー・英梨々 メイドver. 【ANIPLEX+限定】 【フィギュア】[ANIPLEX],"22,000円",未開封,,1点
4449831,フィギュアPOP UP PARADE ネコぱら アズキ 【フィギュア】[グッドスマイルカンパニー],"3,300円",未開封,,1点
4451597,フィギュアソードアート・オンライン 《創世神ステイシア》 アスナ 通常版 【ジェンコ商会/電撃屋限定】 【フィギュア】[GENCO],"17,600円",未開封,箱イタミ有,1点
4457474,フィギュアねんどろいど 1691 僕のヒーローアカデミア THE MOVIE WORLD HEROES' MISSION 緑谷出久 ステルススーツVer.+TOHO animation STORE 購入特典 僕のヒーローアカデミア ラバーキーホルダー 緑谷出久 ステルススーツVer. セット 【TOHO animation STORE限定】 【フィギュア】[グッドスマイルカンパニー],"6,600円",未開封,,1点
4494013,フィギュア初音ミクレーシングVer. ESPRESTO est-Prints&Texture- レーシングミク2020 TeamUKYO応援Ver.,"1,100円",未開封,箱イタミあり,中野店ﾌｨｷﾞｭｱ･ﾎﾋﾞｰ館
4494054,フィギュアRe:ゼロから始める異世界生活 BiCute Bunnies Figure -ラム・チャイナ-,"1,760円",未開封,,中野店ﾌｨｷﾞｭｱ･ﾎﾋﾞｰ館
4494550,フィギュアRe:ゼロから始める異世界生活 Coreful フィギュア レム ～パックイメージver.～,990円,未開封,,1点
4494551,フィギュアRe:ゼロから始める異世界生活 ぬーどるストッパーフィギュア -レム・鬼衣装・アナザーカラーver.-,"1,650円",未開封,,1点
4494552,フィギュア五等分の花嫁∬ Kyunties フィギュア 中野二乃,"1,650円",未開封,,1点
4271471,"フィギュア約束のネバーランド Tip'n'Pop ""レイ"" A",660円,未開封,箱イタミ有,1点
4274674,"フィギュア鬼滅の刃 プレミアムちょこのせフィギュア ""伊黒小芭内""","1,430円",未開封,,
4275730,"フィギュアひぐらしのなく頃に 卒 プレミアムちょこのせフィギュア ""竜宮レナ""",880円,未開封,,
4282684,"フィギュア約束のネバーランド Tip'n'Pop ""レイ"" A",660円,未開封,,
4305296,"フィギュア約束のネバーランド Tip'n'Pop ""エマ"" A","1,100円",未開封,,
4305297,"フィギュア約束のネバーランド Tip'n'Pop ""エマ"" B","1,320円",未開封,,
4325800,"フィギュア劇場版 Fate/Grand Order -神聖円卓領域キャメロット- 後編 Paladin; Agateram プレミアムちょこのせフィギュア ""モードレッド""","1,540円",未開封,,1点
4326048,"フィギュア劇場版 Fate/Grand Order -神聖円卓領域キャメロット- 後編 Paladin; Agateram プレミアムちょこのせフィギュア ""ベディヴィエール""",880円,未開封,,
4371291,"フィギュア五等分の花嫁∬ スーパープレミアムフィギュア ""中野四葉"" 花嫁Ver.","1,320円",未開封,,
4379884,"フィギュア呪術廻戦 スーパープレミアムフィギュア ""虎杖悠仁""","1,320円",未開封,,1点
4379886,"フィギュアRe:ゼロから始める異世界生活 スーパープレミアムフィギュア ""レム"" -雷神-","1,870円",未開封,,
4393955,"フィギュアシン・エヴァンゲリオン劇場版 スーパープレミアムヴィネッティアム ""式波・アスカ・ラングレー""","1,980円",未開封,,
4437385,"フィギュアDisney TWISTED-WONDERLAND ちょこのせ モアプラスミニフィギュア ""リドル&デュース&トレイ"" リドル・ローズハート","1,100円",未開封,,1点
4494038,"フィギュアRe:ゼロから始める異世界生活 スーパープレミアムフィギュア ""エミリア"" -風神-","1,320円",未開封,,中野店ﾌｨｷﾞｭｱ･ﾎﾋﾞｰ館
4494058,"フィギュアプロジェクトセカイ カラフルステージ! スーパープレミアムフィギュア ""ストリートのセカイの初音ミク""","1,650円",未開封,,中野店ﾌｨｷﾞｭｱ･ﾎﾋﾞｰ館
4176706,フィギュアGACKT がくっち コレクションフィギュア-BEST OF THE BEST- B,330円,未開封,,
2331778,フィギュア初音ミク フィギュア 桜ミク 描き下ろしイラストver.,"2,200円",未開封,,
4338639,フィギュア劇場版 美少女戦士セーラームーン Eternal Q posket -水野亜美- B,550円,未開封,,
3416181,"フィギュアRe:ゼロから始める異世界生活 スーパープレミアムフィギュア ""レム"" -和-style.",880円,未開封,,
4034881,"フィギュア名探偵コナン プレミアムグレイスシチュエーションフィギュア ""怪盗キッド""","1,540円",未開封,,
4285155,フィギュア東京リベンジャーズ フィギュア 松野千冬,"1,650円",未開封,,
4084040,フィギュア一番くじ 僕のヒーローアカデミア HERO VS VILLAINS B賞 爆豪勝己 ;figure,"3,850円",未開封,箱イタミ有,1点
4353118,フィギュア鬼滅の刃 ワールドコレクタブルフィギュア vol.3 我妻善逸,660円,未開封,,
3174776,フィギュア転生したらスライムだった件 EXQフィギュア ～ミリム～ ミリム・ナーヴァ,990円,未開封,,1点
599636,フィギュア一番くじ Free! D賞 きゅんキャラ 竜ヶ崎怜,440円,未開封,,
1282494,フィギュア一番くじ 黒子のバスケ ～映画を見ませんか?～ 10等 笠松幸男 ミニフィギュア,110円,未開封,,1点
841548,フィギュアちびきゅんキャラ ハイキュー!! ～中学生編～ vol.2 国見英,660円,未開封,,1点
1812886,フィギュアガールズ&パンツァー アンチョビ 【フィギュア】[アクアマリン],"7,150円",未開封,,1点
3741614,フィギュアPIXAR Characters PIXAR FEST figure collection vol.1 トイ・ストーリー ウッディ&フォーキー&ピクサー・ボール,770円,未開封,箱イタミ有,1点
3755892,フィギュアポケットモンスター ゆびにんぎょうコレクション デンリュウ 【フィギュア】[ポケモン],550円,未開封,,1点
3450181,フィギュアコスベイビー アベンジャーズ/インフィニティ・ウォー アイアンマン・マーク50 サイズS (スーパー・スラクター版) 【アベンジャーズ/エンドゲーム エクスクルーシブ・ストア by ホットトイズ限定】 【フィギュア】[ホットトイズ|ホットトイズジャパン],"3,520円",未開封,,1点
4404841,フィギュアいっしょにすりーぴんぐ ひなこ (本編DVD同梱) 【フィギュア】[エンブレイスジャパン],"3,300円",未開封,,1点
4331567,フィギュア一番くじ ソードアート・オンライン アリシゼーション War of Underworld ～最終章～ ラストワン賞 光の巫女アリス・シンセシス・サーティ(アリス・ツーベルク) フィギュア ～ラストワンver.～,"2,200円",未開封,,1点
4124119,フィギュアディズニーキャラクターズ Patisserie au Sucre -Cinderella- B,550円,未開封,箱イタミ有,1点
4124154,フィギュアディズニー リミテッドプレミアムポーズフィギュア ミッキーマウス,"1,760円",未開封,箱イタミ有,1点
4124287,フィギュアYes!プリキュア5GoGo! Q posket -MilkyRose- B,990円,未開封,箱イタミ有,1点
4126050,フィギュアDa-iCE Q posket petit vol.2 和田颯,550円,未開封,,1点
4073174,フィギュアDisney Characters Sprinkles Sugar ～Pink ver.～ プレミアムフィギュア -Bell- A,"1,320円",未開封,,
4073175,フィギュアDisney Characters Sprinkles Sugar ～Pink ver.～ プレミアムフィギュア -Bell- B,"1,100円",未開封,,1点
4033893,フィギュア一番くじきゅんキャラわーるど TIGER & BUNNY #01 ラストワン賞 ワイルドタイガー アイパッチver. きゅんキャラ,330円,未開封,,1点
4038348,フィギュアディズニー ハーバーサイド・クリスマス2007 フィギュアコレクション ミッキーマウス&ミニーマウス 【フィギュア】[ディズニー],"1,430円",未開封,,1点
4064745,フィギュアScary Tale 赤ずきん  【フィギュア】[Mezco toyz],"2,860円",未開封,,1点
4100928,フィギュアスーパーロボット超合金 勇者王ガオガイガー 勝利の鍵セット 4 【フィギュア】[バンダイ],"1,540円",未開封,,1点
4101774,フィギュアSTAR TREK スタートレック・スターシップコレクション #128 OV-165 【フィギュア】[デアゴスティーニ・ジャパン|イーグルモス],"1,540円",未開封,箱イタミ,1点
4101802,フィギュアSTAR TREK スタートレック・スターシップコレクション #133 イリーナの船 【フィギュア】[デアゴスティーニ・ジャパン|イーグルモス],"1,760円",未開封,,1点
4101810,フィギュアSTAR TREK スタートレック・スターシップコレクション #141 バルカン トパウ 【フィギュア】[デアゴスティーニ・ジャパン|イーグルモス],"1,760円",未開封,,1点
4110203,フィギュアPower Rangers Dino Super Charge RED RANGER ACTION HERO 【フィギュア】[バンダイ],660円,未開封,台紙イタミ,1点
4112209,フィギュア一撃殺虫!! ホイホイさん LEGACY おめかしウィッグ2色セット [コトブキヤ],770円,未開封,,1点
4137573,フィギュア弱キャラ友崎くん フィギュア 日南葵,605円,未開封,,
3268449,フィギュアQ posket petit 鬼滅の刃 竈門炭治郎&竈門禰豆子&煉獄杏寿郎 【週刊少年ジャンプ4号連続応募者全員サービス 第2弾 全プレ】 【フィギュア】[集英社|バンプレスト],"8,800円",未開封,,1点
3915085,フィギュアトイ・ストーリー ピクサーキャラクターズ COMICSTARS Woody Pride B,660円,未開封,,1点
3867166,フィギュア鬼滅の刃 フィギュア -絆ノ装- 拾壱ノ型 煉獄杏寿郎,"2,200円",未開封,,1点
4420092,フィギュアソードアート・オンライン アリシゼーション 結城明日奈 水着Ver. 【フィギュア】[ベルファイン],"6,600円",未開封,,1点
4492651,フィギュアラブライブ!サンシャイン!! The School Idol Movie Over the Rainbow Hi!Cheese! フィギュア ～国木田花丸～,"1,100円",未開封,カッター切れ込み有、シール貼り付け有,1点
4492687,フィギュア僕のヒーローアカデミア Q posket -トガヒミコ- A,"1,100円",未開封,,中野店ﾌｨｷﾞｭｱ･ﾎﾋﾞｰ館
4492692,フィギュア僕のヒーローアカデミア THE AMAZING HEROES vol.15 轟焦凍,"1,650円",未開封,,1点
4492854,フィギュア一番くじ 鬼滅の刃 ～無限列車編～ D賞 嘴平伊之助 フィギュア,"3,080円",未開封,箱イタミ有,1点
4492957,フィギュアちびきゅんキャラ ハイキュー!! ～中学生編～ vol.2 金田一勇太郎,660円,未開封,,1点
4492962,フィギュアちびきゅんキャラ ハイキュー!! ～中学生編～ vol.2 影山飛雄,660円,未開封,,1点
4493084,フィギュア呪術廻戦 五条悟 【フィギュア】[メガハウス],"9,350円",未開封,外箱イタミ有,1点
4493106,フィギュアRe:ゼロから始める異世界生活 レム 浮世絵桜Ver. 【フィギュア】[KADOKAWA],"11,000円",未開封,,1点
2143645,フィギュアねんどろいど 985 ジョジョの奇妙な冒険 スターダストクルセイダース 空条承太郎 【フィギュア】[メディコス・エンタテインメント],"14,300円",未開封,,1点
4123038,フィギュアねんどろいど 1544 神様になった日 佐藤ひな 【フィギュア】[ANIPLEX],"4,400円",未開封,,1点
4411727,フィギュアソードアート・オンライン アリシゼーション War of Underworld 結城明日奈  ワイシャツ Ver. 【フィギュア】[HOBBY STOCK],"11,000円",未開封,,1点
4422478,フィギュアB-Style ソードアート・オンライン アリシゼーション War of Underworld アスナ 血盟騎士団Ver. 【GOODSMILE ONLINE SHOP/Amazon/あみあみ限定】 【フィギュア】[FREEing],"33,000円",未開封,,1点
4426719,フィギュアTHE IDOLM＠STER シンデレラガールズ 新田美波 生存本能ヴァルキュリアver. 【フィギュア】[あみあみ|大網],"11,000円",未開封,,1点
4428334,フィギュアキャラクター・ボーカル・シリーズ 01 初音ミク 初音ミク Memorial Dress Ver. 【フィギュア】[グッドスマイルカンパニー],"33,000円",未開封,,1点
4492598,フィギュア一番くじ ポケットモンスター Pokemon Mimikkyu's Sweets Party B賞 ミミッキュ 小物入れフィギュア,"2,420円",未開封,箱イタミ有,1点
992939,フィギュアハイキュー!! セカンドシーズン MASTER STARS PIECE THE TOBIO KAGEYAMA 影山飛雄,"3,960円",未開封,,1点
487232,フィギュア一番くじ ゆるゆり♪♪ ～帰ってきた主人公～ F賞 きゅんキャラ 池田千歳,660円,未開封,,
3538002,フィギュア一番くじ Kiramune N賞 吉永拓斗 PUNY BEANS,110円,未開封,,
3069286,フィギュアQ posket Disney Characters -Snow White Sweet Princess- 白雪姫 A,"1,100円",未開封,,1点
4115556,フィギュアねこぶそう 並盛り B シロ&ヘリメカ 【フィギュア】[バンダイ],880円,未開封,箱イタミ有,1点
4123577,フィギュアFiguarts mini Disney TWISTED-WONDERLAND リドル・ローズハート 【アニメイト限定】 【フィギュア】[BANDAI SPIRITS],"2,640円",未開封,,1点
4124234,フィギュアSHAMAN KING フィギュア 麻倉葉,"1,320円",未開封,,
4128437,フィギュアちびきゅんキャラ 弱虫ペダル GRANDE ROAD ～練習休み! 総北高校編～ 巻島裕介,550円,未開封,,1点
4075018,フィギュアドラゴンクエスト ふくびき所スペシャル ドラゴンクエストXとおおいなる冒険の軌跡編 C賞-2 いたずらもぐら モンスターフィギュア,880円,未開封,,1点
4088814,フィギュアQ posket SUGIRLY Disney Characters -Princess Aurora- A,880円,未開封,,1点
4032739,フィギュア一番くじ 戦国BASARA ～戦国創世～ ダブルチャンスキャンペーン きゅんキャラ スペシャルカラーver. 石田三成＆島左近,"4,400円",未開封,,1点
4034366,フィギュアフレッシュプリキュア! DX組立式ガールズフィギュア ～キュアベリー&キュアパッション～ キュアベリー,"1,430円",未開封,箱イタミ有,1点
4058358,フィギュアスター・ウォーズ エピソード 3/シスの復讐 ベーシック フィギュア ヨーダ スピニングアタックバージョン 【フィギュア】[トミーダイレクト],220円,未開封,パッケージにヤケ,1点
4101801,フィギュアSTAR TREK スタートレック・スターシップコレクション #135 ダーラの「デルタ・フライヤー」 【フィギュア】[デアゴスティーニ・ジャパン|イーグルモス],"1,760円",未開封,,1点
4101808,フィギュアSTAR TREK スタートレック・スターシップコレクション #134 バルカン 調査船 (1957) 【フィギュア】[デアゴスティーニ・ジャパン|イーグルモス],"1,760円",未開封,,1点
4101814,フィギュアSTAR TREK スタートレック・スターシップコレクション #136 カーデシア ケルドン級戦艦 【フィギュア】[デアゴスティーニ・ジャパン|イーグルモス],"1,760円",未開封,,1点
4112824,フィギュアHappyくじ STAR WARS SAGA フィギュアコレクション賞 フィギュアコレクション オビ=ワン・ケノービ,330円,未開封,箱イタミ有,1点
3785460,フィギュアリボルテックヤマグチ Series No.048 どこでもいっしょ ジュン 【フィギュア】[海洋堂],"1,100円",未開封,箱イタミ、ヤケ・破れ有　帯イタミ,1点
3944455,フィギュアヱヴァンゲリヲン新劇場版 プレミアムEVAシリーズフィギュア 初号機,"2,420円",未開封,,1点
4490228,フィギュア名探偵コナン ソフビフィギュア 仮面ヤイバー&探偵団バッジ  [バンダイ],"2,750円",未開封,箱イタミ有,NEW
4491382,フィギュアタイトーくじ本舗 Free! ～Bitter chocolate～ 橘真琴フィギュア賞 橘真琴 フィギュア,660円,未開封,持ち手部分のテープ剥がれ有,1点
729071,フィギュアG.E.M.シリーズ デジモンアドベンチャー 石田ヤマト&ガブモン (再販版) 【フィギュア】[メガハウス],"11,000円",未開封,,1点
620988,フィギュア一番くじ 弱虫ペダル～ファーストリザルト～ C賞 きゅんキャラ 鳴子章吉,"1,650円",未開封,,1点
2463939,フィギュアヒプノシスマイク-Division Rap Battle- ひっかけフィギュア Buster Bros!!! 山田三郎(MC.L.B),880円,未開封,,1点
1170643,フィギュア艦隊これくしょん -艦これ- 「駆逐艦 島風 -鎮守府の四季ｰ」 SQフィギュア,660円,未開封,,1点
3696087,フィギュア一番くじ ハナヤマタ B賞 きゅんキャラ 関谷なる,660円,未開封,,
3741602,フィギュアガーディアンズ・オブ・ギャラクシー Q posket MARVEL -Star-Lord- B,990円,未開封,,1点
3741612,フィギュアPIXAR Characters PIXAR FEST figure collection vol.1 トイ・ストーリー ウッディ&フォーキー&ピクサー・ボール,880円,未開封,,1点
3741615,フィギュアディズニーキャラクターズ  Fluffy Puffy ～三人の騎士～ vol.1 パンチート・ロメロ・ミゲル・フランシスコ・クインテロ・ゴンザレス3世,"1,100円",未開封,箱イタミ有　箱にフックシールが貼り付けられています。,1点
3408034,フィギュアGUNDAM FIX FIGURATION METAL COMPOSITE 機動戦士ガンダム THE ORIGIN MS-06C ザクII C型 【フィギュア】[BANDAI SPIRITS],"24,200円",未開封,,1点
4115554,フィギュアねこぶそう 並盛り A グレー&ランチャーメカ 【フィギュア】[バンダイ],880円,未開封,箱イタミ有,1点
4118935,フィギュアスーパーロボット大戦 オリジナルコレクションフィギュアX PTX-003C ゲシュペンストMk・III アルトアイゼン 【電撃ホビーマガジン 2004年12月/2005年1月合併号付録】 【フィギュア】[アスキー・メディアワークス],550円,未開封,箱イタミ有,1点
4124259,フィギュアディズニーキャラクターズ LOVERS MOMENTS -MICKEY MOUSE from The Little Whirlwind- B,550円,未開封,箱イタミ有　シール貼り付け有,1点
4077472,フィギュアHappyくじ MARVEL 『アベンジャーズ/エンドゲーム』 フィギュアコレクション賞 キャプテン・アメリカ,770円,未開封,,1点
4033735,フィギュアハーフサイズトムス 弱虫ペダル GRAND ROAD B賞 ローソン限定ver. 東堂尽八 トレーディングデフォルメフィギュア 東堂尽八 【弱虫ペダル GRAND ROAD キャンペーン 全プレ】 【フィギュア】[ローソン],770円,未開封,箱イタミ有,1点
4045043,フィギュアいっしょにごはん。 米田光 feat.HERO 【フィギュア】[ウズ],660円,未開封,,1点
4101085,フィギュア一撃殺虫!! ホイホイさんLEGACY ホイホイさん おめかしウィッグ 2色セット 【コトブキヤショップ限定】 [コトブキヤ],"1,430円",未開封,,1点
4101807,フィギュアSTAR TREK スタートレック・スターシップコレクション #140 惑星連邦 タグボート 【フィギュア】[デアゴスティーニ・ジャパン|イーグルモス],"1,760円",未開封,,1点
4108195,フィギュアMARVEL UNIVERSE グリヒル ミニフィギュアコレクション ロキ 【東京コミコン 2017】 【フィギュア】[コトブキヤ],"1,980円",未開封,,1点
4114820,フィギュアまめしき モーレツ宇宙海賊 PVCフィギュア 加藤茉莉香 【フィギュア】[リキッドストーン],"1,650円",未開封,箱イタミ有,1点
4018658,フィギュアキューポッシュえくすとら フレームアームズ・ガール FAガール 充電くんせっと スティレットver. 【フィギュア】[コトブキヤ],"1,210円",未開封,,1点
3837490,フィギュアQ posket Disney Characters -Princess Aurora- A (ピンク),880円,未開封,箱イタミ有,1点
3876061,フィギュア転生したらスライムだった件 ワールドコレクタブルフィギュア vol.2 シズ(井沢静江),770円,未開封,,1点
4462917,フィギュア囚われのパルマ ハルト [CAPCOM],"4,180円",未開封,箱イタミ有,1点
4469839,フィギュアねんどろいどぷち THE IDOLM＠STER シンデレラガールズ 蘭子・卯月・美嘉&ライブステージセット 【ワンフェス2013夏】 【フィギュア】[グッドスマイルカンパニー],"2,200円",未開封,箱イタミ有,1点
4488962,フィギュア一番くじ デジモンアドベンチャー: A賞(ダブルチャンスキャンペーン) オメガモン フィギュア,"3,850円",未開封,,
4489001,フィギュアPrecious G.E.M.シリーズ デジモンアドベンチャー メタルガルルモン&石田ヤマト 【フィギュア】[メガハウス],"38,500円",未開封,,1点
4489088,フィギュアG.E.M.シリーズ デジモンアドベンチャー ガルルモン&石田ヤマト 【メガトレショップ/プレミアムバンダイ限定】 【フィギュア】[メガハウス],"22,000円",未開封,,1点
4489164,フィギュア劇場版 呪術廻戦 0 カプセルフィギュアコレクションDX 00 パンダ 【フィギュア】[バンダイ],440円,未開封,,1点
1249509,フィギュアねんどろいど 676 文豪ストレイドッグス 中原中也 【フィギュア】[オランジュ・ルージュ],"12,100円",未開封,箱イタミ有,1点
3319064,フィギュア一番くじ ハイキュー!! ～新・ゴミ捨て場の決戦!～ C賞 影山飛雄リアルフィギュア,"3,850円",未開封,,1点
3732292,フィギュア遊戯王 デュエルモンスターズ ぬーどるストッパーフィギュア ～海馬瀬人～,"1,650円",未開封,,1点
4320628,フィギュアねんどろいど 1088 ヘタリア World☆Stars アメリカ (再販) 【フィギュア】[オランジュ・ルージュ],"5,500円",未開封,,1点
4489316,フィギュアfigma 480 CALL OF DUTY: BLACK OPS 4 ルイン 【フィギュア】[グッドスマイルカンパニー],"7,700円",未開封,,1点
4489317,フィギュア映画 この素晴らしい世界に祝福を! 紅伝説 めぐみん ひまわりワンピースver. 【フィギュア】[KADOKAWA],"12,100円",未開封,箱イタミ有,1点
1392898,"フィギュア劇場版 ソードアート・オンライン -オーディナル・スケール- プレミアムフィギュア ""キリト""",880円,未開封,,1点
3371823,フィギュア一番くじ うたの☆プリンスさまっ♪ マジLOVE2000% F賞 きゅんキャラ 来栖翔,330円,未開封,箱イタミ有,1点
4433897,フィギュア東京リベンジャーズ フィギュア 龍宮寺堅,"1,650円",未開封,,1点
4488319,フィギュア美少女戦士セーラームーン Fluffy Puffy ～ルナ～ B,"1,320円",未開封,,1点
4488321,フィギュア魔法少女まどか☆マギカ ひっかけフィギュア 1 キュゥべえ,880円,未開封,,1点
4488322,フィギュア魔法少女まどか☆マギカ ひっかけフィギュア 1 暁美ほむら,880円,未開封,,1点
4488871,フィギュア聖闘士星矢 黄金魂 -soul of gold- 聖闘士聖衣神話EX ジェミニサガ (神聖衣) サガサーガプレミアムセット 【フィギュア】[バンダイ],"64,900円",未開封,"外箱傷あり未開封品",1点
4488903,フィギュアFiguarts mini Re:ゼロから始める異世界生活 レム 【フィギュア】[BANDAI SPIRITS],"1,650円",未開封,,1点
4488904,フィギュアFiguarts mini Re:ゼロから始める異世界生活 ラム 【フィギュア】[BANDAI SPIRITS],"1,320円",未開封,,1点
4488905,フィギュアFiguarts mini Disney TWISTED-WONDERLAND リドル・ローズハート 【アニメイト限定】 【フィギュア】[BANDAI SPIRITS],"2,200円",未開封,,1点
4488906,フィギュアFiguarts mini Disney TWISTED-WONDERLAND レオナ・キングスカラー 【アニメイト限定】 【フィギュア】[BANDAI SPIRITS],"2,200円",未開封,,1点
4488907,フィギュアFiguarts mini Disney TWISTED-WONDERLAND アズール・アーシェングロット 【アニメイト限定】 【フィギュア】[BANDAI SPIRITS],"2,200円",未開封,,1点
4488345,フィギュアONEPIECE MAXIMATIC THE TRAFALGAR.LAW II,"1,980円",未開封,,1点
4488298,フィギュアRe:ゼロから始める異世界生活 BiCute Bunnies Figure -ラム・チャイナ-,"1,650円",未開封,,
4488299,フィギュア初音ミク Wonderland フィギュア シンデレラ,"1,980円",未開封,,1点
4488872,フィギュア劇場版 ソードアート・オンライン -オーディナル・スケール- アスナ 【フィギュア】[アルター],"19,800円",未開封,,1点
4488873,フィギュア一番くじ Re:ゼロから始める異世界生活 ～冬に舞い降りた少女たち～ C賞 だぼパーカー ベアトリス フィギュア,"3,520円",未開封,,1点
4488901,フィギュアねんどろいど 1298 ヒプノシスマイク-Division Rap Battle- 山田三郎(MC.L.B) 【フィギュア】[FREEing],"4,950円",未開封,未開封品,1点
3105598,フィギュアうたの☆プリンスさまっ♪ マジLOVE1000% 来栖翔 【フィギュア】[アルター],"11,000円",未開封,,1点
357938,フィギュア一番くじ 夏目友人帳 ～今宵は宴～ B賞 夏目貴志 リアルフィギュア,"6,380円",未開封,,1点
3742286,"フィギュアヱヴァンゲリヲン新劇場版 リミテッドプレミアムフィギュア ""渚カヲル""","2,750円",未開封,,1点
3497467,"フィギュアヱヴァンゲリヲン新劇場版 プレミアム制服フィギュア ""渚カヲル""","2,970円",未開封,,1点
3529557,フィギュア黒執事 Book of the Atlantic スペシャルフィギュア -セバスチャン・ミカエリス-,"3,300円",未開封,,1点
4462488,"フィギュア這いよれ! ニャル子さんW ハイグレードプールサイドフィギュア ""ニャル子&クー子"" クー子",660円,未開封,,1点
4467047,フィギュア一番くじプレミアム 西尾維新アニメプロジェクト E賞 化物語 まよいマイマイ きゅんキャラセット 八九寺真宵,880円,未開封,,1点
4487513,フィギュア装甲悪鬼村正 贖罪編 三世村正 【フィギュア】[ウイング],"16,500円",未開封,,1点
4487515,フィギュアTHE IDOLM＠STER シンデレラガールズ 島村卯月 パーティタイム・ゴールド+コトブキヤ購入特典 にっこり笑顔パーツセット 【コトブキヤショップ限定】 【フィギュア】[コトブキヤ],"8,800円",未開封,,1点
1910644,フィギュアソフィーのアトリエ ～不思議な本の錬金術士～ プラフタ 【フィギュア】[アルター],"23,100円",未開封,,1点
4312076,フィギュアねんどろいど 1479 呪術廻戦 虎杖悠仁 【フィギュア】[グッドスマイルカンパニー],"7,260円",未開封,箱イタミ有,1点
4487516,フィギュア弱キャラ友崎くん 日南葵 【フィギュア】[コトブキヤ],"13,200円",未開封,,1点
4475078,フィギュア一番くじ ONEPIECE WT100記念 尾田栄一郎描き下ろし 大海賊百景 G賞 キャロット 大海賊百景 フィギュア,"6,600円",未開封,,
3591037,"フィギュアRe:ゼロから始める異世界生活 リミテッドプレミアムフィギュア ""レム"" 真夏の太陽Ver.","1,100円",未開封,,1点
4344715,フィギュアONEPIECE GLITTER&GLAMOURS -ULTI- B,"1,650円",未開封,,1点
4300370,フィギュア鬼滅の刃 Q posket petit vol.3 冨岡義勇,550円,未開封,箱イタミ有,1点
4056341,フィギュアドラゴンボールZ Full Scratch THE FRIEZA,990円,未開封,,1点
4144440,"フィギュア呪術廻戦 スーパープレミアムフィギュア ""五条悟""",880円,未開封,,
4483940,フィギュアドラゴンボール超 地球育ちのサイヤ人 -超サイヤ人ゴッド超サイヤ人 孫悟空-,"1,100円",未開封,,1点
4483982,フィギュア鬼滅の刃 胡蝶しのぶ 通販限定ver. 【funnyknightsショップ限定】 【フィギュア】[FunnyKights],"15,400円",未開封,,
4484191,フィギュアFate/Grand Order -終局特異点 冠位時間神殿ソロモン- ～マシュ・キリエライト～,"1,100円",未開封,,1点
4484194,フィギュアねんどろいどどーる 魔道祖師 魏無羨 岐山騎射Ver. 【フィギュア】[グッドスマイルアーツ上海],"11,000円",未開封,,1点
4484372,フィギュア鬼滅の刃 Q posket petit 竈門炭治郎 メタリックカラーver. 【鬼滅の刃キャンペーン アプリスタンプラリー 抽プレ】 【フィギュア】[バンプレスト|BANDAI SPIRITS|ローソン],"55,000円",未開封,当選通知書欠品,1点
4484543,フィギュアラブライブ!サンシャイン!! Q posket -想いよひとつになれ 黒澤ダイヤ- B,990円,未開封,,1点
4485902,フィギュアONEPIECE ワールドコレクタブルフィギュア -ワノ国 8- キラー,660円,未開封,,1点
4485903,フィギュアONEPIECE ワールドコレクタブルフィギュア -ワノ国回想編 2-  ゴール・D・ロジャー,990円,未開封,,1点
4485904,フィギュアONEPIECE ワールドコレクタブルフィギュア -ワノ国回想編 2- シルバーズ・レイリー,990円,未開封,,1点
4485911,フィギュアONEPIECE ワールドコレクタブルフィギュア -ワノ国回想編 2- バギー,990円,未開封,,1点
4485919,フィギュアONEPIECE ワールドコレクタブルフィギュア -WT100記念 尾田栄一郎描き下ろし 大海賊百景 1‐ サンジ,"1,320円",未開封,,1点
4485922,フィギュアONEPIECE ワールドコレクタブルフィギュア -WT100記念 尾田栄一郎描き下ろし 大海賊百景 1- ブルック,990円,未開封,,1点
4261766,フィギュア冴えない彼女の育てかた Fine Coreful フィギュア 加藤恵 ～ルームウェアver.～,"1,320円",未開封,,1点
4484200,フィギュアソードアート・オンライン アリシゼーション SSSフィギュア -アリス/水着ver.-,"1,100円",未開封,箱イタミ,
4485841,フィギュアねんどろいど 005 Fate/stay night やさぐれ凛 【フィギュア】[グッドスマイルカンパニー],"2,750円",未開封,箱イタミ有,1点
4486092,フィギュア一番くじ Re:ゼロから始める異世界生活 ～冬に舞い降りた少女たち～ A賞(ダブルチャンスキャンペーン) エキドナ アートスケールフィギュア,"4,180円",未開封,,1点
4486102,フィギュア一番くじ 五等分の花嫁∬ -BrideStyle- A賞 中野一花 花嫁フィギュア,"3,850円",未開封,,1点
4486103,フィギュア一番くじ 五等分の花嫁∬ ～あなたと一緒に。～ A賞 中野一花 ワンピース衣装フィギュア,"2,200円",未開封,,1点
4485838,"フィギュアプロジェクトセカイ カラフルステージ! スーパープレミアムフィギュア ""ストリートのセカイの初音ミク""","2,420円",未開封,,1点
4227717,フィギュア鬼滅の刃 Q posket petit vol.3 冨岡義勇,660円,未開封,,1点
1095586,"フィギュア艦隊これくしょん -艦これ- スーパープレミアムフィギュア """"那珂改二""""",660円,未開封,,1点
3447976,フィギュアBRAVE-ACT 進撃の巨人 リヴァイ 【フィギュア】[千値練],"10,450円",未開封,箱イタミ有,1点
3529654,フィギュア一番くじプレミアム THE IDOLM＠STER PART 2 B賞 萩原雪歩 プレミアムフィギュア,880円,未開封,箱イタミ有,1点
4280458,フィギュアONEPIECE Q posket -おナミ- A,660円,未開封,,1点
4344564,フィギュア鬼滅の刃 ワールドコレクタブルフィギュア vol.2 愈史郎,660円,未開封,,1点
4210028,フィギュアBORUTO -ボルト- NARUTO NEXT GENERATIONS VIBRATION STARS -UZUMAKI NARUTO-,880円,未開封,,1点
4177471,フィギュア劇場版 美少女戦士セーラームーン Eternal Q posket -月野うさぎ- A,550円,未開封,,1点
4025811,フィギュア一番くじプレミアム THE IDOLM＠STER PART 3 A賞 星井美希 プレミアムフィギュア,990円,未開封,箱イタミ有,1点
4482947,フィギュア劇場版 鬼滅の刃 無限列車編 煉獄杏寿郎 【ANIPLEX+限定】 【フィギュア】[ANIPLEX],"12,100円",未開封,箱イタミ有・窓枠剥がれ有,1点
4483105,フィギュア劇場版 美少女戦士セーラームーン Eternal Q posket Encore -4 Guardians of the Outer Planets- B セーラーネプチューン,"1,650円",未開封,,1点
4483124,フィギュア劇場版 美少女戦士セーラームーン Eternal Q posket Encore -4 Guardians of the Outer Planets- A セーラーウラヌス,"1,650円",未開封,,1点
4483128,フィギュアヱヴァンゲリヲン新劇場版 Q posket -渚カヲル Plugsuit Style- A,"1,320円",未開封,,1点
4483459,フィギュア一番くじ Free! ～ALL OUT～ D賞 ちびきゅんキャラセット ぷちトレイ 橘真琴&葉月渚,770円,未開封,一部テープ剝れ有,1点
4483721,フィギュア鬼滅の刃 フィギュア -絆ノ装- 弐拾ノ型 錆兎,"1,100円",未開封,箱イタミ有,1点
4483148,"フィギュアシン・エヴァンゲリオン劇場版 スーパープレミアムヴィネッティアム ""真希波・マリ・イラストリアス""","1,980円",未開封,,
595382,フィギュアねんどろいど 408 キルラキル 満艦飾マコ 【フィギュア】[グッドスマイルカンパニー],"5,500円",未開封,,1点
4348394,フィギュアPOP UP PARADE 天穂のサクナヒメ サクナヒメ 【フィギュア】[グッドスマイルカンパニー],"2,530円",未開封,,
4434819,フィギュアfigma 419 Re:ゼロから始める異世界生活 エミリア 【フィギュア】[マックスファクトリー],"8,580円",未開封,ローブヨゴレ有,1点
4442892,フィギュアアークナイツ テキサス 昇進段階2 【フィギュア】[グッドスマイルアーツ上海],"16,500円",未開封,,1点
4454112,フィギュアデート・ア・バレット 時崎狂三 探偵Ver. 【フィギュア】[ユニオンクリエイティブ],"13,200円",未開封,箱イタミ有,1点
4482878,フィギュアSSSS.GRIDMAN 宝多六花 制服版 【フィギュア】[キューズQ],"15,180円",未開封,箱スレ,1点
4483467,フィギュア艦隊これくしょん -艦これ- 鈴谷【Xmas】mode 通常版 【ホビージャパン限定】 【フィギュア】[Hobby JAPAN],"14,300円",未開封,,1点
4483742,フィギュアシン・エヴァンゲリオン劇場版 式波・アスカ・ラングレー プラグスーツVer. 新劇場版カラー 【フィギュア】[ベルファイン],"11,000円",未開封,,1点
4483743,フィギュアご注文はうさぎですか? BLOOM シャロ ゴスロリVer. 【フィギュア】[ベルファイン],"10,450円",未開封,箱イタミ有,1点
4483745,フィギュア無職転生 ～異世界行ったら本気だす～ エリス・ボレアス・グレイラット 【フィギュア】[ユニオンクリエイティブ],"11,000円",未開封,,1点
4118423,フィギュア鬼滅の刃 Q posket petit vol.3 時透無一郎,"1,210円",未開封,,1点
4314893,フィギュアご注文はうさぎですか?? 全力造形フィギュア チノ,880円,未開封,,
3705953,"フィギュア鬼滅の刃 スーパープレミアムフィギュア ""竈門禰豆子""","1,650円",未開封,,
4358978,フィギュア一番くじプレミアム THE IDOLM＠STER PART 3 C賞 水瀬伊織 プレミアムフィギュア,880円,未開封,箱イタミ有,1点
3797989,フィギュア鬼滅の刃 フィギュア -絆ノ装- 拾ノ型 煉獄杏寿郎,"3,300円",未開封,,
4462252,フィギュアラブライブ! ビーチフィギュア ～穂乃果&希～ レモネードver. 東條希,"3,080円",未開封,,1点
4462644,フィギュアBEACH QUEENS ラブライブ! 1/10塗装済み完成品フィギュア 南ことり (再販版) 【フィギュア】[WAVE],"2,200円",未開封,窓枠剥がれ有,1点
4467029,"フィギュアRe:ゼロから始める異世界生活 プレミアムフィギュア ""レム"" WF限定ver.","6,600円",未開封,,1点
4481940,フィギュアPUI PUI モルカー スクイーズフィギュア 第二弾 アビー 【フィギュア】[BLOOM],550円,未開封,箱イタミ有,1点
4481944,"フィギュア新世紀エヴァンゲリオン プレミアムフィギュア ""アスカ"" Summer Dress Ver. (再投入)","1,650円",未開封,,
4482012,"フィギュアヱヴァンゲリヲン新劇場版 リミテッドプレミアムフィギュア ""初号機""","3,080円",未開封,箱イタミ有,1点
4482095,フィギュア終末のワルキューレ -フタ止めフィギュア- 佐々木小次郎 A.劇中色,"1,980円",未開封,,1点
4482621,フィギュアONEPIECE Girly Girls -BOA.HANCOCK- A (ブラック),"1,320円",未開封,,1点
4482714,フィギュアカラコレDX THE IDOLM＠STER シャイニーカラーズ (1BOX) 【フィギュア】[ムービック],"1,980円",未開封,,1点
1369672,フィギュアねんどろいど 703 Fate/Grand Order ぐだ子 【フィギュア】[グッドスマイルカンパニー],"7,480円",未開封,,1点
3534072,フィギュアねんどろいど 617 刀剣乱舞 へし切長谷部 【フィギュア】[オランジュ・ルージュ],"6,600円",未開封,,1点
4123514,フィギュアねんどろいど 1478 Disney TWISTED-WONDERLAND リドル・ローズハート+ANIPLEX+/GOODSMILE ONLINE SHOP購入特典 ねんどろいどぷらす 特製缶バッジ リドル・ローズハート 【ANIPLEX+/GOODSMILE ONLINE SHOP限定】 【フィギュア】[ANIPLEX],"8,800円",未開封,,1点
4315024,フィギュア一番くじ 僕のヒーローアカデミア HERO VS VILLAINS ラストワン賞(ダブルチャンスキャンペーン) ホークス ;figure ラストワンver.,"6,050円",未開封,,
4481049,フィギュアfigma EX-028 THE IDOLM＠STER シンデレラガールズ 島村卯月 ジャージver. 【フィギュア】[マックスファクトリー],"5,500円",未開封,,1点
4481127,フィギュアfigFIX-016 ラブライブ! スクールアイドルフェスティバル 西木野真姫 チアガールver. 【フィギュア】[マックスファクトリー],"3,520円",未開封,,1点
4482803,フィギュアPOP UP PARADE 進撃の巨人 エレン・イェーガー 【フィギュア】[グッドスマイルカンパニー],"3,300円",未開封,,1点
4482804,フィギュアFate/Grand Order キャスター/スカサハ=スカディ[第二再臨] 【フィギュア】[キューズQ],"22,000円",未開封,,1点
4482806,フィギュアfigma 522-DX 鬼滅の刃 我妻善逸 DXエディション 【フィギュア】[マックスファクトリー],"8,800円",未開封,,1点
4481813,"フィギュア鬼滅の刃 プレミアムちょこのせフィギュア ""甘露寺蜜璃""","2,200円",未開封,,
4482006,"フィギュアシン・エヴァンゲリオン劇場版 スーパープレミアムヴィネッティアム ""アヤナミレイ(仮称)""","1,650円",未開封,,
4480007,フィギュア呪術廻戦 ぬーどるストッパーフィギュア -五条悟-,990円,未開封,,中野店ﾌｨｷﾞｭｱ･ﾎﾋﾞｰ館
4480009,"フィギュア呪術廻戦 スーパープレミアムフィギュア ""五条悟""",990円,未開封,,中野店ﾌｨｷﾞｭｱ･ﾎﾋﾞｰ館
4480097,フィギュア僕のヒーローアカデミア Q posket -轟焦凍- A,"1,100円",未開封,,1点
4480187,フィギュア鬼滅の刃 Q posket -栗花落カナヲ- セピアカラーver.,440円,未開封,,中野店ﾌｨｷﾞｭｱ･ﾎﾋﾞｰ館
4480207,フィギュアRe:ゼロから始める異世界生活 Q posket -Rem- vol.2 A,990円,未開封,,中野店ﾌｨｷﾞｭｱ･ﾎﾋﾞｰ館
4480244,フィギュア鬼滅の刃 Q posket -胡蝶しのぶ- A,660円,未開封,,中野店ﾌｨｷﾞｭｱ･ﾎﾋﾞｰ館
4480723,フィギュアアッセンブル・ヒロインズ Fate/Grand Order セイバー/女王メイヴ [Summer Queens] 【フィギュア】[アワートレジャー|東京フィギュア],"4,400円",未開封,,1点
4480738,フィギュアガールズ&パンツァー 最終章 西住みほ ココスチアリーダーver. 【フィギュア】[コトブキヤ],"9,900円",未開封,,1点
4479977,フィギュア冴えない彼女の育てかた Fine Coreful フィギュア 加藤恵 ～制服ver.～,"1,430円",未開封,,1点
4480006,フィギュア転生したらスライムだった件 -Otherworlder- フィギュア vol.10 ヴェルドラ=テンペスト,"1,320円",未開封,,1点
745033,フィギュアFree!-Eternal Summer- フィギュア 橘真琴,"1,430円",未開封,,1点
4479064,フィギュアまちカドまぞく シャドウミストレス優子 水着ver. 【フィギュア】[コトブキヤ],"7,700円",未開封,,1点
4479065,"フィギュアmensHdge technical statue No.2 PSYCHO-PASS 槙島聖護 【フィギュア】[H""]","22,000円",未開封,,1点
4478569,フィギュアPOP UP PARADE 僕のヒーローアカデミア 緑谷出久 【フィギュア】[タカラトミー|グッドスマイルカンパニー],"4,620円",未開封,箱イタミ有,
4478600,フィギュアPOP UP PARADE 僕のヒーローアカデミア 爆豪勝己 【フィギュア】[タカラトミー|グッドスマイルカンパニー],"7,700円",未開封,箱イタミ有,1点
4478637,フィギュア一番くじ ラブライブ!サンシャイン!! 5th Anniversary A賞 高海千歌 ～想いよひとつになれ～ フィギュア,"1,980円",未開封,箱イタミ有,1点
4476423,フィギュア一番くじ Disney TWISTED-WONDERLAND 第四弾 E賞 ポムフィオーレ寮 デフォルメフィギュア ルーク・ハント,"2,530円",未開封,,1点
4478100,フィギュアMY LITTLE PONY美少女 プリンセスルナ 【フィギュア】[コトブキヤ],"13,200円",未開封,,1点
4478107,フィギュアワールドコレクタブルフィギュア 呪術廻戦 虎杖悠仁&伏黒恵 【週刊少年ジャンプ エクストリームフィギュア応募者全員サービス 第3弾 全プレ】 【フィギュア】[集英社|バンプレスト|BANDAI SPIRITS],"2,750円",未開封,,広島店
3174209,フィギュアQ posket SUGIRLY Disney Characters -Snow White- 白雪姫 A,"1,100円",未開封,,1点
524476,フィギュアねんどろいどぷち VOCALOID ミクダヨー 【フィギュア】[グッドスマイルカンパニー],"1,210円",未開封,,1点
2906214,"フィギュアBanG Dream! ガールズバンドパーティ! プレミアムフィギュア ""青葉モカ"" School☆Days","1,320円",未開封,,1点
3835304,フィギュアQ posket Disney Characters -Jasmine Dreamy Styl- B (ホワイト),"3,300円",未開封,,1点
4458535,フィギュアディズニーキャラクターズ DXF MICKEY MOUSE -Classic Fantasy- B,880円,未開封,,1点
4459154,フィギュアストライクウィッチーズ ハイクオリティフィギュア エーリカ・ハルトマン,660円,未開封,箱イタミ有,1点
4460133,フィギュア一番くじ ジョジョの奇妙な冒険 アニバーサリーズ 2 D賞 ゴールド・エクスペリエンス アニバーサリーフィギュア,"1,430円",未開封,,1点
4461241,フィギュア劇場版 美少女戦士セーラームーン Eternal Q posket -SUPER SAILOR VENUS- B,"3,300円",未開封,,1点
4467042,"フィギュアRe:ゼロから始める異世界生活 プレミアムフィギュア ""ラム"" WF限定ver.","6,600円",未開封,,1点
4467136,フィギュアDisney Characters Q posket -Anna- A ノーマル,"1,980円",未開封,,1点
4474441,フィギュア鬼滅の刃 ADVERGE MOTION 4 竈門禰豆子 【フィギュア】[バンダイ],550円,未開封,箱イタミ有　※食品は保証外となります。,1点
2844436,フィギュアfigma SP-103 初音ミクGTプロジェクト レーシングミク 2018Ver. 【フィギュア】[グッドスマイルカンパニー],"7,700円",未開封,,1点
2845532,フィギュアねんどろいど 849 ユーリ!!! on ICE 勝生勇利 私服Ver. 【フィギュア】[オランジュ・ルージュ],"9,900円",未開封,,1点
3149363,フィギュアねんどろいど 290 カードファイト!! ヴァンガード 先導アイチ 【フィギュア】[グッドスマイルカンパニー],"5,280円",未開封,箱イタミ有,1点
3250713,フィギュアみんなのくじ 刀剣乱舞-ONLINE- ～ぬーどるストッパーの陣 其ノ弐～ A賞 ぬーどるストッパーフィギュア -髭切-,"6,050円",未開封,,1点
4293334,フィギュアねんどろいど 1551 アークナイツ テキサス 【フィギュア】[グッドスマイルアーツ上海],"4,400円",未開封,,1点
4454424,フィギュア一番くじ ジョジョの奇妙な冒険 ストーンオーシャン B賞 E・コステロ(エルメェス・コステロ) フィギュア,"6,600円",未開封,,1点
4462462,フィギュアPOP UP PARADE ラブライブ!虹ヶ咲学園スクールアイドル同好会 宮下愛 【フィギュア】[グッドスマイルカンパニー],"3,520円",未開封,箱イタミ有,1点
4462669,フィギュアねんどろいど 1422 アークナイツ チェン 【フィギュア】[グッドスマイルアーツ上海],"6,380円",未開封,,1点
4462672,フィギュアねんどろいど 1598 アークナイツ ラップランド 【フィギュア】[グッドスマイルアーツ上海],"4,400円",未開封,箱イタミ有,1点
4465558,フィギュアPOP UP PARADE 犬夜叉 完結編 日暮かごめ 【フィギュア】[グッドスマイルカンパニー],"3,630円",未開封,,1点
4465807,フィギュアねんどろいど 247 がくっぽいど 神威がくぽ 【フィギュア】[グッドスマイルカンパニー],"4,950円",未開封,窓剥がれ有,1点
4466959,フィギュアRe:ゼロから始める異世界生活 ラム 【フィギュア】[グッドスマイルカンパニー],"17,820円",未開封,箱イタミ有、窓イタミ有,1点
4475060,フィギュア一番くじ ONEPIECE WT100記念 尾田栄一郎描き下ろし 大海賊百景 F賞 サボ 大海賊百景 フィギュア,"4,950円",未開封,,1点
4332545,フィギュア一番くじ ONEPIECE WT100記念 尾田栄一郎描き下ろし 大海賊百景 B賞(ダブルチャンスキャンペーン) モンキー・D・ルフィ 大海賊百景 フィギュア,"2,750円",未開封,,
1421241,フィギュアねんどろいどプレイセット #02 和の暮らし B 客間セット (再販) 【フィギュア】[ファット･カンパニー],"3,300円",未開封,箱イタミ,1点
2876439,フィギュアHappyくじ けものフレンズ LAST賞 かばんポージングフィギュア,"1,100円",未開封,箱イタミ,1点
3437610,"フィギュアBanG Dream! ガールズバンドパーティ! プレミアムフィギュア ""宇田川巴"" School☆Days",550円,未開封,箱イタミ有,1点
4275954,フィギュアONEPIECE KING OF ARTIST THE MONKEY.D.LUFFY GEAR4-ワノ国- モンキー・D・ルフィ,"2,200円",未開封,,1点
4328638,フィギュア東京リベンジャーズ フィギュア 龍宮寺堅,"1,870円",未開封,,
4450233,フィギュア仮面ライダーカブト DXF～Dual Solid Heroes～ vol.13 仮面ライダーガタック,"1,100円",未開封,,1点
4456158,"フィギュアご注文はうさぎですか?? プレミアムフィギュア ""チノ""",880円,未開封,,
4458582,フィギュアRAILWARS! 桜井あおい (通常版) 【フィギュア】[ブロッコリー],"14,080円",未開封,,1点
4473110,フィギュア一番くじ エヴァンゲリオン 2020 E賞 真希波・マリ・イラストリアス 「破」 フィギュア,"2,750円",未開封,,1点
4473593,フィギュアるかっぷ 鬼滅の刃 竈門炭治郎&竈門禰豆子 セット 【メガトレショップ/プレミアムバンダイ限定】 【フィギュア】[メガハウス],"6,600円",未開封,２体共に箱イタミ有,1点
4473717,フィギュアQ posket -桜ミク- B,"1,320円",未開封,未開封品ですが箱にイタミが有ります,1点
3436729,フィギュアラブライブ! 電撃屋限定 Birthday Figure Project 園田海未 【フィギュア】[KADOKAWA|アスキー・メディアワークス|電撃屋],"4,950円",未開封,,1点
3476752,フィギュアねんどろいど 1194 鬼滅の刃 竈門禰豆子 【フィギュア】[グッドスマイルカンパニー],"4,400円",未開封,,1点
3613247,フィギュアねんどろいど 444 ラブライブ! 矢澤にこ 【フィギュア】[グッドスマイルカンパニー],"2,750円",未開封,箱イタミ有,
4138934,フィギュアねんどろいど 1541 鬼滅の刃 煉獄杏寿郎+アニメイト購入特典 特製アクリル製台座 セット 【アニメイト限定】 【フィギュア】[グッドスマイルカンパニー],"6,600円",未開封,,1点
4457185,フィギュア初音ミク -Project DIVA- 2nd みくずきん 【フィギュア】[マックスファクトリー],"14,300円",未開封,,1点
4458418,フィギュアラブライブ! 電撃屋限定 Birthday Figure Project 矢澤にこ 【フィギュア】[KADOKAWA|アスキー・メディアワークス|電撃屋],"5,280円",未開封,箱イタミ有,1点
4458665,フィギュアねんどろいど 584 ラブライブ! 東條希 練習着Ver. 【フィギュア】[グッドスマイルカンパニー],"3,300円",未開封,窓スレ有,1点
4458671,フィギュアねんどろいど 580 ラブライブ! 絢瀬絵里 練習着Ver. 【フィギュア】[グッドスマイルカンパニー],"3,080円",未開封,箱イタミ有,1点
1120056,フィギュアTHE IDOLM＠STER シンデレラガールズ 「緒方智絵里」 SQフィギュア CANDY ISLAND,550円,未開封,,1点
3763793,フィギュアヱヴァンゲリヲン新劇場版 Q posket -碇シンジ- B,"1,100円",未開封,箱イタミ有,1点
3532305,フィギュア初音ミク フィギュア オリジナル春服ver. ～Renewal～ 初音ミク,"1,210円",未開封,,1点
4345588,フィギュア鬼滅の刃 VIBRATION STARS LIMITED -宇髄天元-,"3,300円",未開封,,1点
4393929,"フィギュア鬼滅の刃 スーパープレミアムフィギュア ""猗窩座""","1,100円",未開封,,1点
4332993,フィギュアカノジョも彼女 スペシャルフィギュア -水瀬渚-,"1,320円",未開封,,1点
4411419,フィギュアカードキャプターさくら クロウカード編 Q posket -木之本桜- B,"1,100円",未開封,,1点
4471788,"フィギュアガールズ&パンツァー 劇場版 プレミアムフィギュア ""西住みほ-黒森峰女学園""","2,200円",未開封,,1点
4471953,フィギュア一番くじきゅんキャラわーるど うたの☆プリンスさまっ♪ マジLOVE1000% C賞 四ノ宮那月 きゅんキャラ,440円,未開封,,1点
4472123,フィギュア鬼滅の刃 ワールドコレクタブルフィギュア vol.1 竈門炭治郎,880円,未開封,,
4472966,フィギュア一番くじ 鬼滅の刃 ～無限列車編～ A賞(ダブルチャンスキャンペーン) 煉獄杏寿郎 フィギュア,"2,200円",未開封,,1点
1167249,フィギュアTHE IDOLM＠STER シンデレラガールズ 前川みく *[Asterisk] Ver. 【フィギュア】[アルター],"8,800円",未開封,,
4158963,フィギュアねんどろいど 1566 Disney TWISTED-WONDERLAND カリム・アルアジーム+ANIPLEX+/GOODSMILE ONLINE SHOP購入特典 ねんどろいどぷらす 特製缶バッジ カリム・アルアジーム 【ANIPLEX+/GOODSMILE ONLINE SHOP限定】 【フィギュア】[ANIPLEX],"7,700円",未開封,,1点
4345879,フィギュアねんどろいど 974 ハイキュー!! 木兎光太郎 制服Ver. 【フィギュア】[オランジュ・ルージュ],"17,600円",未開封,,1点
4471929,フィギュアPOP UP PARADE ラブライブ!虹ヶ咲学園スクールアイドル同好会 優木せつ菜 【フィギュア】[グッドスマイルカンパニー],"2,750円",未開封,箱イタミ有,1点
4472861,フィギュアPOP UP PARADE 僕のヒーローアカデミア トガヒミコ 【フィギュア】[タカラトミー|グッドスマイルカンパニー],"3,850円",未開封,,1点
4472888,フィギュアライザのアトリエ ～常闇の女王と秘密の隠れ家～ リラ(リラ・ディザイアス) 【フィギュア】[アルター],"18,700円",未開封,箱イタミ有,1点
4472938,フィギュアS.H.Figuarts 仮面ライダーゼロワン 仮面ライダー亡 【魂ウェブ商店限定】 【フィギュア】[BANDAI SPIRITS],"6,820円",未開封,,1点
4226993,フィギュアONEPIECE GRANDLINE JOURNEY -BOA.HANCOCK-,"1,100円",未開封,,1点
2838138,フィギュアご注文はうさぎですか?? 全力造形フィギュア ココア,660円,未開封,,
3471618,"フィギュアご注文はうさぎですか?? プレミアムフィギュア ""チノ"" スクール水着",880円,未開封,,1点
2928132,"フィギュア名探偵コナン プレミアムちょこのせフィギュア ""安室透"" B",660円,未開封,,1点
4328655,フィギュアちびきゅんキャラ ラブライブ! The School Idol Movie vol.3 東條希,440円,未開封,,1点
3215398,フィギュアONEPIECE KING OF ARTIST THE MONKEY.D.LUFFY -ワノ国- モンキー・D・ルフィ,"1,540円",未開封,,1点
4180822,フィギュアグランブルーファンタジー ひっかけフィギュア-サンダルフォン・ルシフェル・ベリアル- サンダルフォン,770円,未開封,,1点
4470486,フィギュアちびきゅんキャラ ラブライブ! The School Idol Movie vol.2 西木野真姫,440円,未開封,,1点
4470911,フィギュアDX超合金 劇場版 マクロスΔ 絶対LIVE!!!!!! VF-31AX カイロスプラス(ハヤテ・インメルマン機) 初回限定版 【フィギュア】[BANDAI SPIRITS],"35,970円",未開封,,1点
4144443,"フィギュア呪術廻戦 スーパープレミアムフィギュア ""五条悟""",770円,未開封,箱イタミ有,
4426761,フィギュアRe:ゼロから始める異世界生活 ESPRESTO -Monster motions- レム,"1,100円",未開封,,1点
4468359,フィギュア犬夜叉 Q posket -犬夜叉&日暮かごめ- 日暮かごめ,"1,320円",未開封,,1点
4468360,フィギュアQ posket -桜ミク- B,"1,320円",未開封,,1点
4468450,フィギュアおそ松さん ギフトコレクション vol.2 松野カラ松,880円,未開封,,1点
4468951,フィギュアDisney TWISTED-WONDERLAND プレミアムグレイスシチュエーションフィギュア ～アズール・アーシェングロット～,880円,未開封,箱イタミ有,1点
4469833,フィギュアストライクウィッチーズ ハイクオリティフィギュア ゲルトルート・バルクホルン,770円,未開封,箱イタミ有,1点
4394045,フィギュアTHE IDOLM＠STER シンデレラガールズ 神谷奈緒 一陣の情熱Ver. 【フィギュア】[アルター],"15,400円",未開封,,1点
4430919,フィギュア一番くじ Re:ゼロから始める異世界生活 ～冬に舞い降りた少女たち～ A賞(ダブルチャンスキャンペーン) エキドナ アートスケールフィギュア,"4,400円",未開封,,松山店
4469867,フィギュアfigma 515 Fate/Grand Order アルターエゴ/沖田総司[オルタ] 【フィギュア】[マックスファクトリー],"8,250円",未開封,,1点
4468853,フィギュア劇場版 呪術廻戦 0 ぬーどるストッパーフィギュア -乙骨憂太-,"1,870円",未開封,,1点
1960308,フィギュアルパン三世 PART5 CREATOR×CREATOR -FUJIKO MINE- 峰不二子 B,"1,100円",未開封,,1点
4135447,フィギュアルパン三世 PART5 CREATOR×CREATOR -DAISUKE JIGEN- 次元大介 A,"5,500円",未開封,,1点
4467044,フィギュア化物語 リアルフィギュア Vol.2 千石撫子,880円,未開封,,1点
4467050,フィギュアねんどろいどぷち 化物語 神原駿河,770円,未開封,,1点
4467120,フィギュアQ posket Disney Characters -Princess Aurora- A (ピンク),880円,未開封,,1点
4467195,フィギュア一番くじプレミアム 偽物語 C賞 千石撫子 プレミアムフィギュア 偽物語ver.,"1,650円",未開封,箱イタミ有,1点
4467307,フィギュアRe:ゼロから始める異世界生活 SSSフィギュア -ラム・Red hood-,880円,未開封,,1点
4467313,フィギュアローグ・ワン/スター・ウォーズ・ストーリー プレミアム1/10スケールフィギュア デス・トルーパー・スペシャリスト,660円,未開封,,1点
4468350,フィギュア転生したらスライムだった件 -Otherworlder- フィギュア vol.9 ディアブロ 特別仕様,"3,300円",未開封,,1点
4467374,フィギュアRe:ゼロから始める異世界生活 ぬーどるストッパーフィギュア -エキドナ・スノープリンセス-,"1,320円",未開封,,
4468344,フィギュアねんどろいど 841 刀剣乱舞 髭切 【フィギュア】[オランジュ・ルージュ],"3,300円",未開封,,1点
4468347,フィギュアねんどろいど 1298 ヒプノシスマイク-Division Rap Battle- 山田三郎(MC.L.B)+アニメイト購入特典 専用台座 ストリートデザインVer. セット 【アニメイト限定】 【フィギュア】[FREEing],"6,600円",未開封,,1点
4468351,フィギュア一番くじ 五等分の花嫁∬ -BrideStyle- A賞 中野一花 花嫁フィギュア,"4,950円",未開封,,1点
4468352,フィギュア一番くじ ソードアート・オンライン アリシゼーション War of Underworld ～最終章～ B賞 創世神ステイシア アスナ(結城明日奈) フィギュア,"3,850円",未開封,,1点
4467371,"フィギュアRe:ゼロから始める異世界生活 スーパープレミアムフィギュア ""エミリア"" -風神-","1,980円",未開封,,
4465877,フィギュアねんどろいどもあ たたみ 茶 【フィギュア】[グッドスマイルカンパニー],880円,未開封,,1点
4465878,フィギュアねんどろいどもあ たたみ 緑 【フィギュア】[グッドスマイルカンパニー],880円,未開封,,1点
3986631,フィギュアねんどろいど 1300 犬夜叉 犬夜叉 【フィギュア】[グッドスマイルカンパニー],"7,700円",未開封,,1点
4465171,フィギュアConoFig 鬼滅の刃 竈門禰豆子 【ANIPLEX+限定】 【フィギュア】[ANIPLEX],"3,080円",未開封,箱イタミ有,1点
648371,"フィギュアラブライブ! プレミアムフィギュア ""KOTORI‐No brand girls"" 南ことり",770円,未開封,,1点
659607,フィギュアちびきゅんキャラ うたの☆プリンスさまっ♪ マジLOVE2000% ～OPENING～ ST☆RISH vol.2 来栖翔,330円,未開封,,1点
4462649,"フィギュアラブライブ! プレミアムフィギュア ""NICO-No brand girls"" 矢澤にこ",880円,未開封,他店のシールが貼り付け有,1点
4462650,フィギュアラブライブ! ビーチフィギュア 2 ～海未&絵里～ サマーブルーver. 絢瀬絵里,880円,未開封,,1点
742185,"フィギュアラブライブ! プレミアムフィギュア ""RIN-それは僕たちの奇跡"" 星空凛",550円,未開封,,1点
620420,フィギュアラブライブ! ビーチフィギュア2 ～海未&絵里～ 園田海未,660円,未開封,,1点
873101,"フィギュアラブライブ! スーパープレミアムフィギュア ""矢澤にこ ‐Snow halation""","1,100円",未開封,,1点
4132192,フィギュアDisney TWISTED-WONDERLAND Q posket petit vol.5 カリム・アルアジーム,880円,未開封,,1点
3972130,"フィギュアラブライブ! スーパープレミアムフィギュア ""南ことり ‐Snow halation""",660円,未開封,,1点
4461236,フィギュア初音ミク フィギュア 2nd season 初音ミク Spring ver. タイトーオンラインクレーン限定ver,"2,750円",未開封,,1点
4461248,フィギュアS.I.C. 仮面ライダー剣 仮面ライダーギャレン キングフォーム 【ホビージャパン限定】 【フィギュア】[Hobby JAPAN],"14,520円",未開封,輸送箱付（未開封）,1点
4461439,フィギュアQ posket petit 鬼滅の刃 竈門禰豆子&我妻善逸&嘴平伊之助 【週刊少年ジャンプ エクストリームフィギュア応募者全員サービス 第3弾 全プレ】 【フィギュア】[集英社|バンプレスト|BANDAI SPIRITS],"3,300円",未開封,,1点
4461440,フィギュアQ posket petit 鬼滅の刃 竈門炭治郎&鬼舞辻無惨 【週刊少年ジャンプ エクストリームフィギュア応募者全員サービス 第3弾 全プレ】 【フィギュア】[集英社|バンプレスト|BANDAI SPIRITS],"2,200円",未開封,,1点
4462436,フィギュア一番くじ エヴァンゲリオン ～初号機vs第13号機～ A賞 エヴァンゲリオン初号機 フィギュア,"6,600円",未開封,,1点
4461793,フィギュアFate/Grand Order セイバー/エリザベート・バートリー[ブレイブ] 【フィギュア】[キューズQ],"15,400円",未開封,箱イタミ有,1点
4462433,フィギュアライザのアトリエ ～常闇の女王と秘密の隠れ家～ リラ(リラ・ディザイアス) 【フィギュア】[アルター],"22,000円",未開封,,1点
4453432,フィギュアカーズ 3 COIN BANK ライトニング・マックィーン A,880円,未開封,箱イタミ有,1点
501242,フィギュア一番くじ 黒子のバスケ ～シャイニーカラー～ E賞 きゅんキャラ 青峰大輝,440円,未開封,,1点
1575307,フィギュア一番くじ Fate/Grand Order～きゅんキャラオーダー～ C賞 オルガマリー・アニムスフィア きゅんキャラ,440円,未開封,,1点
3635272,フィギュアQ posket Disney Characters -Special Coloring vol.2- シンデレラ,880円,未開封,,
3590732,フィギュアQ posket Disney Characters petit vol.4 アリエル,660円,未開封,,1点
3668964,フィギュアQ posket Disney Characters petit vol.4 オーロラ姫,660円,未開封,,1点
4458407,フィギュア黒子のバスケ 1point figure ～キセキのウォールアート～ vol.1 黄瀬涼太,440円,未開封,,1点
4458415,フィギュアスター・ウォーズ/最後のジェダイ プレミアム1/10スケールフィギュア エリート・プレトリアン・ガードwithシングルブレード,660円,未開封,,1点
4458498,フィギュアQ posket Disney Characters -Jasmine- パステルカラーver.,"1,100円",未開封,,1点
4458541,フィギュアディズニー リミテッドプレミアムポーズフィギュア ミッキーマウス,880円,未開封,,1点
4458922,"フィギュアラブライブ! プレミアムフィギュア ""UMI-No brand girls"" 園田海未",440円,未開封,箱イタミ有,1点
2824429,フィギュアねんどろいど 450 ラブライブ! 高坂穂乃果 【フィギュア】[グッドスマイルカンパニー],"1,980円",未開封,,1点
2824435,フィギュアねんどろいど 458 ラブライブ! 南ことり 【フィギュア】[グッドスマイルカンパニー],"2,640円",未開封,箱イタミ,1点
3438300,フィギュアねんどろいど 692 ラブライブ!サンシャイン!! 渡辺曜 【フィギュア】[グッドスマイルカンパニー],"6,600円",未開封,,1点
3613260,フィギュアねんどろいど 496 ラブライブ! 小泉花陽 【フィギュア】[グッドスマイルカンパニー],"1,870円",未開封,箱イタミ有,1点
4022601,フィギュアねんどろいど 1274 ヒプノシスマイク-Division Rap Battle- 夢野幻太郎(Phantom)+GOODSMILE ONLINE SHOP購入特典 専用台座 ディビジョンカラーVer. セット 【GOODSMILE ONLINE SHOP限定】 【フィギュア】[FREEing],"11,000円",未開封,,1点
538967,フィギュア一番くじ ジョジョの奇妙な冒険 Part7 スティール・ボール・ラン H賞 ワールドコレクタブルフィギュア マウンテン・ティム,440円,未開封,,1点
634212,フィギュアちびきゅんキャラ 黒子のバスケ ～夏休み～vol.2 花宮真,440円,未開封,【箱イタミ】,1点
909803,フィギュアTHE IDOLM＠STER シンデレラガールズ 「アナスタシア」 SQフィギュア,660円,未開封,,1点
4456493,フィギュアPLAY ARTS KINGDOM HEARTS ソラ ハロウィンタウンver. 【フィギュア】[スクウェア・エニックス],"3,300円",未開封,箱イタミ有,1点
4456808,フィギュアHappyくじ けものフレンズ C賞 ラッキービーストぜんまいフィギュア,660円,未開封,箱イタミ有,
4457803,フィギュア一番くじ 劇場版 呪術廻戦 0 ～顕現～ A賞 乙骨憂太 フィギュア,"4,400円",未開封,,1点
4166833,フィギュアねんどろいど 1548 呪術廻戦 釘崎野薔薇 【フィギュア】[グッドスマイルカンパニー],"5,500円",未開封,,1点
3742795,フィギュアとある科学の超電磁砲S 御坂美琴 チャイナドレスstyle 【フィギュア】[アクアマリン],"7,480円",未開封,,
3492645,フィギュア鬼滅の刃 フィギュア -絆ノ装- 漆ノ型 栗花落カナヲ,"1,650円",未開封,,1点
4352567,フィギュア転生したらスライムだった件 -Otherworlder- フィギュア vol.3 井沢静江 スペシャルver.,"1,650円",未開封,,1点
4309549,フィギュアドラゴンボールZ G×materia THE SON GOHAN 孫悟飯,"3,300円",未開封,,
4148024,フィギュアCCP キンソフDX キン肉マン マッスルスパーク ブラックVer. [CCP],"3,850円",未開封,,1点
3669645,フィギュアねんどろいど 1145 アークナイツ アーミヤ 【フィギュア】[グッドスマイルアーツ上海],"5,500円",未開封,,
3792918,フィギュアfigma EX-055 雪ミク Magical Snow ver. 【フィギュア】[マックスファクトリー],"11,000円",未開封,,1点
3956155,フィギュアねんどろいど 1367 文豪ストレイドッグス 中島敦 ヱアポートVer. 【GOODSMILE ONLINE SHOP/カドカワストア限定】 【フィギュア】[オランジュ・ルージュ],"9,350円",未開封,,1点
4134303,フィギュアねんどろいど 1077 BANANA FISH アッシュ・リンクス 【フィギュア】[オランジュ・ルージュ],"22,000円",未開封,,1点
4152629,フィギュアねんどろいど 639 NEW GAME! 涼風青葉 (再販版)+GOODSMILE ONLINE SHOP購入特典 ゲームパッド セット 【GOODSMILE ONLINE SHOP限定】 【フィギュア】[グッドスマイルカンパニー],"9,020円",未開封,,1点
4179361,フィギュアねんどろいど 981-DX ゆるキャン△ 志摩リン DX Ver. 【フィギュア】[マックスファクトリー],"7,150円",未開封,,1点
4277550,フィギュアPOP UP PARADE Re:ゼロから始める異世界生活 ラム 氷季服Ver. 【フィギュア】[グッドスマイルカンパニー],"3,300円",未開封,,1点
4309215,フィギュアねんどろいど 1314 プロメア リオ・フォーティア 完全燃焼Ver.+GOODSMILE ONLINE SHOP購入特典 炎の玉座(背もたれ)アクリルスタンド セット 【GOODSMILE ONLINE SHOP限定】 【フィギュア】[グッドスマイルカンパニー],"6,600円",未開封,箱イタミ有,1点
4312410,フィギュアねんどろいど 1323 ヒプノシスマイク-Division Rap Battle- 観音坂独歩(DOPPO) 【フィギュア】[FREEing],"6,600円",未開封,箱イタミ有,1点
4328746,フィギュアfigma 366 Fate/Grand Order ルーラー/ジャンヌ・ダルク (再販) 【フィギュア】[マックスファクトリー],"6,930円",未開封,,
4359017,フィギュアねんどろいど 1502 ジョジョの奇妙な冒険 戦闘潮流 ジョセフ・ジョースター+GOODSMILE ONLINE SHOP購入特典 「呼吸法矯正マスク」と「特製丸台座」 セット 【GOODSMILE ONLINE SHOP限定】 【フィギュア】[メディコス・エンタテインメント],"7,700円",未開封,,1点
4365364,フィギュアねんどろいど 1644 プリンセスコネクト! Re:Dive コッコロ 【フィギュア】[グッドスマイルカンパニー],"5,280円",未開封,,
4401753,フィギュア五等分の花嫁 中野二乃 【フィギュア】[コトブキヤ],"11,000円",未開封,,1点
3946495,フィギュア一番くじ 五等分の花嫁∬ -BrideStyle- E賞 中野五月 花嫁フィギュア,"4,950円",未開封,,1点
4352708,フィギュアRe:ゼロから始める異世界生活 AMP フィギュア レム～Winter Maid image ver.～,"2,420円",未開封,,1点
4300100,フィギュアドラゴンボール超 孫悟空FES!! 其之十五 超サイヤ人4 孫悟空,880円,未開封,,1点
4453760,フィギュア一番くじ 鬼滅の刃 ～黎明に刃を持て～ B賞 煉獄杏寿郎 フィギュア,"2,750円",未開封,,1点
4454523,フィギュア復刻版 CCP 1/6特撮シリーズ Vol.EX ウルトラマン 宇宙忍者バルタン星人 【フィギュア】[CCP],"18,700円",未開封,,1点
4215401,フィギュアPOP UP PARADE 映画 この素晴らしい世界に祝福を! 紅伝説 アクア 冬服Ver. 【フィギュア】[グッドスマイルカンパニー],"3,520円",未開封,,1点
4251630,フィギュアPOP UP PARADE Re:ゼロから始める異世界生活 ラム 氷季服Ver. 【フィギュア】[グッドスマイルカンパニー],"3,080円",未開封,箱イタミ有,1点
4342264,フィギュアPOP UP PARADE To LOVEる -とらぶる- ダークネス 黒咲芽亜 【フィギュア】[グッドスマイルカンパニー],"3,080円",未開封,,
4453761,フィギュアPOP UP PARADE 盾の勇者の成り上がり Season2 岩谷尚文 【フィギュア】[グッドスマイルカンパニー],"3,300円",未開封,,1点
4453762,フィギュア一番くじ Re:ゼロから始める異世界生活 ～冬に舞い降りた少女たち～ ラストワン賞 エキドナ アートスケールフィギュア ラストワンver.,"7,150円",未開封,,1点
4454367,フィギュアQ posket MARVEL -SPIDER-MAN:No Way Home- vol.1 B,"1,430円",未開封,,
3732172,フィギュアS.H.Figuarts キラキラ☆プリキュアアラモード キュアマカロン 【魂ウェブ商店限定】 【フィギュア】[バンダイ],"4,950円",未開封,,1点
4372214,フィギュア一番くじ 鬼滅の刃 ～無限列車編～ A賞(ダブルチャンスキャンペーン) 煉獄杏寿郎 フィギュア,"2,750円",未開封,,1点
4453366,フィギュアS.I.C. HERO SAGA 仮面ライダーOOO ショッカー首領 -OOOOOO-(ヘキサオーズ)【ホビージャパン限定】 【フィギュア】[Hobby JAPAN],"30,800円",未開封,,1点
4353535,フィギュアねんどろいど 1654 Identity V 第五人格 占い師 【フィギュア】[グッドスマイルアーツ上海],"5,500円",未開封,,1点
4360020,フィギュアねんどろいど 1647 ポケットモンスター キバナ 【フィギュア】[グッドスマイルカンパニー],"4,950円",未開封,,1点
4382239,フィギュアRe:ゼロから始める異世界生活 ペトラ・レイテ お茶会Ver. 【フィギュア】[KADOKAWA],"8,800円",未開封,,1点
4398858,フィギュア魔王学院の不適合者 ミーシャ・ネクロン 水着Ver. 【フィギュア】[KADOKAWA],"11,000円",未開封,,1点
4367362,フィギュアMAFEX No.122 アベンジャーズ/インフィニティ・ウォー CAPTAIN AMERICA(INFINITY WAR Ver.) 【フィギュア】[メディコム・トイ],"7,150円",未開封,,1点
4412814,フィギュア転生したらスライムだった件 -Otherworlder- フィギュア vol.12 ヴェルドラ=テンペスト 特別彩色,"1,650円",未開封,,
4402048,フィギュア一番くじ Re:ゼロから始める異世界生活 ～冬に舞い降りた少女たち～ B賞 だぼパーカー レム フィギュア,"3,300円",未開封,,1点
4402050,フィギュア一番くじ Re:ゼロから始める異世界生活 ～冬に舞い降りた少女たち～ ラストワン賞 エキドナ アートスケールフィギュア ラストワンver.,"7,700円",未開封,,1点
4412865,フィギュアONEPIECE DXF ～THE GRANDLINE SERIES～ ワノ国 vol.1 ロロノア・ゾロ,"1,320円",未開封,,
1620106,フィギュアFate/Grand Order サーヴァントフィギュア ～アーチャー/アルトリア・ペンドラゴン～,"1,100円",未開封,,
1426506,フィギュアラブライブ!サンシャイン!! 「国木田花丸」 SQフィギュア,660円,未開封,,1点
1480286,フィギュアラブライブ!サンシャイン!! 「黒澤ダイヤ」 SQフィギュア,550円,未開封,,1点
1255842,フィギュアラブライブ!サンシャイン!! スーパープレミアムフィギュア 桜内梨子,660円,未開封,,1点
968559,フィギュア刀剣乱舞 こんのすけソフビマスコット こんのすけ [千値練],"1,430円",未開封,,1点
4271485,フィギュア一番くじ 鬼滅の刃 ～刃を振るい心を燃やせ～ A賞 竈門炭治郎 フィギュア,"2,200円",未開封,,1点
4150701,"フィギュアシン・エヴァンゲリオン劇場版 リミテッドプレミアムフィギュア ""式波・アスカ・ラングレー"" ～Last Mission～","1,870円",未開封,,
4191335,フィギュア一番くじ 僕のヒーローアカデミア THE MOVIE WORLD HEROES' MISSION C賞 轟焦凍 ;MASTERLISE,"14,300円",未開封,,1点
4449366,フィギュアポケットモンスター ポケモンスケールワールド ガラル地方 ルリナ&カジリガメ 【プレミアムバンダイ/ポケモンセンター限定】 【フィギュア】[バンダイ],"3,850円",未開封,,1点
4449802,フィギュア東京リベンジャーズ フィギュア 龍宮寺堅,"1,980円",未開封,,1点
4449805,フィギュア名探偵コナン 安室透 【フィギュア】[ユニオンクリエイティブ],"3,300円",未開封,,1点
4083126,フィギュアFate/Grand Order スペシャルフィギュア ～マスター/主人公(女)トロピカルサマー～,770円,未開封,箱イタミ,1点
4197551,フィギュア転生したらスライムだった件 -Otherworlder Plus- フィギュア ミリム・ナーヴァ 戦闘服ver.,"2,420円",未開封,,1点
4272410,フィギュアONEPIECE DXF～THE GRANDLINE MEN～ ワノ国 vol.18 マルコ,"1,320円",未開封,,1点
4329967,フィギュアご注文はうさぎですか?? チノ サンタVer. 【フィギュア】[ファット･カンパニー],"13,200円",未開封,,1点
4194651,フィギュアONEPIECE DXF～THE GRANDLINE MEN～ ワノ国 vol.15 ユースタス・キッド,"1,320円",未開封,,1点
4281301,フィギュアドラゴンボールZ Q posket -BULMA- II B,660円,未開封,,1点
2847733,フィギュアカードキャプターさくら クリアカード編 スペシャルフィギュア ～友枝中学校・制服～ 木之本桜,"1,760円",未開封,,1点
4145743,フィギュア一番くじ 呪術廻戦 ～弐～ C賞 釘崎野薔薇 フィギュア,"1,870円",未開封,箱イタミ有,1点
4447622,フィギュア一番くじ 僕のヒーローアカデミア ULTRA IMPACT B賞 爆豪勝己 ULTRA IMPACT ;figure,"2,420円",未開封,,1点
2331934,フィギュアカードキャプターさくら クリアカード編 スケールフィギュア 木之本桜,"1,650円",未開封,,1点
4444511,フィギュア鬼滅の刃 Q posket SPECIAL COLOR ver. 竈門禰豆子,"1,430円",未開封,,1点
4444568,フィギュア僕のヒーローアカデミア Q posket -トガヒミコ- A,990円,未開封,,1点
4444569,フィギュア僕のヒーローアカデミア THE EVIL VILLAINS vol.3 トガヒミコ,"1,980円",未開封,外箱いたみあり,1点
4444845,フィギュアONEPIECE DXF ～THE GRANDLINE LADY～ ワノ国 vol.6 ニコ・ロビン,"1,320円",未開封,,
4416997,フィギュアまちカドまぞく シャドウミストレス優子 水着ver. 【フィギュア】[コトブキヤ],"7,700円",未開封,,1点
4442924,フィギュア聖闘士星矢 聖闘士聖衣神話 ユニコーン邪武 <リバイバル版> 【フィギュア】[BANDAI SPIRITS],"6,600円",未開封,,1点
4442925,フィギュアウルトラマンZ 特空機格納庫ディスプレイ 【フィギュア】[バンダイ],"4,400円",未開封,,1点
4442950,フィギュアFighting Armor デッドプール 【フィギュア】[千値練],"11,000円",未開封,,1点
4442890,フィギュアPOP UP PARADE ラブライブ!虹ヶ咲学園スクールアイドル同好会 エマ・ヴェルデ 【フィギュア】[グッドスマイルカンパニー],"2,420円",未開封,,1点
4317821,"フィギュアFate/Grand Order スーパープレミアムフィギュア ""アサシン/クレオパトラ""","1,320円",未開封,,1点
4417747,フィギュア鬼滅の刃 Q posket -宇髄天元- A,"1,320円",未開封,,1点
4438937,フィギュアPOP UP PARADE Fate/Grand Order セイバー/ネロ・クラウディウス 【フィギュア】[マックスファクトリー],"3,080円",未開封,箱イタミ有,1点
4438941,フィギュアツキウタ。 睦月始 兎王国Ver. 【フィギュア】[FREEing],"12,100円",未開封,,1点
4439382,フィギュアがんばれ同期ちゃん 同期ちゃん 【フィギュア】[ユニオンクリエイティブ],"13,200円",未開封,,1点
4440103,フィギュア一番くじ 五等分の花嫁∬ ～あなたと一緒に。～ B賞 中野二乃 ワンピース衣装フィギュア,"2,750円",未開封,,1点
4440106,フィギュアねんどろいど 1657 彼女、お借りします 更科瑠夏 【フィギュア】[グッドスマイルカンパニー],"4,950円",未開封,,1点
4440107,フィギュア一番くじ Re:ゼロから始める異世界生活 ～冬に舞い降りた少女たち～ ラストワン賞 エキドナ アートスケールフィギュア ラストワンver.,"8,800円",未開封,,1点
4440108,フィギュアねんどろいど 1432 魔法科高校の劣等生 来訪者編 司波達也 【フィギュア】[グッドスマイルカンパニー],"4,950円",未開封,,1点
4436867,フィギュア原神 クレー・火花騎士Ver. 【フィギュア】[miHoYo],"19,250円",未開封,,1点
4436036,フィギュアS.H.Figuarts 帰ってきたウルトラマン ウルトラマンジャック 【フィギュア】[バンダイ],"12,100円",未開封,,1点
4433062,フィギュア鬼滅の刃 胡蝶しのぶ 【ANIPLEX+限定】 【フィギュア】[ANIPLEX],"19,800円",未開封,,1点
3970797,"フィギュア鬼滅の刃 スーパープレミアムフィギュア ""小さくなった竈門禰豆子""","1,100円",未開封,,1点
3951108,フィギュア呪術廻戦 フィギュア 五条悟,"1,320円",未開封,,1点
4432022,フィギュアラブライブ!虹ヶ咲学園スクールアイドル同好会 フィギュア 宮下愛,550円,未開封,,1点
4432618,フィギュアドラゴンボール超 地球育ちのサイヤ人 -超サイヤ人ゴッド超サイヤ人 孫悟空-,"1,100円",未開封,,1点
4432620,"フィギュアFate/Grand Order Arcade スーパープレミアムフィギュア ""ライダー/レオナルド・ダ・ヴィンチ""",550円,未開封,,1点
4432622,フィギュアRe:ゼロから始める異世界生活 ESPRESTO -Monster motions- ラム,"1,100円",未開封,,1点
4432623,フィギュアタイトーくじ本舗 かぐや様は告らせたい? ～天才たちの恋愛頭脳戦～ in wonderlandくじ A賞 描き下ろしフィギュア ～藤原千花～,"1,650円",未開封,,1点
4432628,フィギュア僕のヒーローアカデミア Q posket -トガヒミコ- B,"1,320円",未開封,,1点
4432631,フィギュアかぐや様は告らせたい? ～天才たちの恋愛頭脳戦～ Coreful フィギュア 藤原千花,"1,650円",未開封,,1点
4432632,"フィギュア鬼滅の刃 プレミアムちょこのせフィギュア ""宇髄天元""","1,320円",未開封,,1点
4432633,フィギュア呪術廻戦 ひっかけフィギュア 2 夏油傑,660円,未開封,,1点
4432634,フィギュアソードアート・オンライン アリシゼーション War of Underworld ひっかけフィギュア -三女神- 創世神ステイシア アスナ(結城明日奈),880円,未開封,,1点
4432635,フィギュアソードアート・オンライン アリシゼーション War of Underworld ひっかけフィギュア -三女神- 地神テラリア リーファ(桐ヶ谷直葉),660円,未開封,,1点
4432544,フィギュア初音ミク Princess AMP フィギュア ～アラビアン ver.～,"1,320円",未開封,,1点
4429248,フィギュアGUILTY GEAR Xrd -SIGN- エルフェルト=ヴァレンタイン color 7 【フィギュア】[アクアマリン],"11,000円",未開封,箱イタミ有,1点
4429718,フィギュアRe:ゼロから始める異世界生活 Serenus couture -レム-,770円,未開封,箱イタミ有,1点
4429722,"フィギュア新サクラ大戦 プレミアムフィギュア ""天宮さくら""",880円,未開封,,1点
4429758,"フィギュア劇場版 呪術廻戦 0 スーパープレミアムフィギュア ""五条悟""","2,200円",未開封,,1点
4429760,フィギュア呪術廻戦 ぬーどるストッパーフィギュア -虎杖悠仁-,880円,未開封,,1点
4429762,"フィギュアプリパラ プレミアムフィギュア ""真中らぁら☆withクマ"" 真中らぁら","2,530円",未開封,,1点
4429995,フィギュア魔法少女まどか☆マギカ 10周年記念 Serenus couture -鹿目まどか-,"1,100円",未開封,,1点
4428837,フィギュアデート・ア・ライブ フラグメント デート・ア・バレット 時崎狂三 ビキニアーマーVer. 【フィギュア】[アルファマックス],"13,200円",未開封,,1点
4428852,フィギュアソードアート・オンライン ユウキ 【フィギュア】[アルター],"15,400円",未開封,,1点
4429292,フィギュアFate シリーズ GOODSMILE RACING & TYPE-MOON RACING アルトリア・ペンドラゴン レーシングver. 【フィギュア】[GOODSMILE RACING & TYPE-MOON RACING],"13,200円",未開封,,1点
4429993,フィギュア初音ミク Sweet Sweetsシリーズフィギュア -チョコミント-,"1,320円",未開封,,1点
4429994,フィギュアドラゴンボール超 超戦士列伝 II ～第七章 時を超えた親子～ トランクス,"1,100円",未開封,,1点
4429727,"フィギュア初音ミクシリーズ スーパープレミアムフィギュア ""初音ミク"" クリスマス2021",880円,未開封,,1点
4429753,"フィギュアRe:ゼロから始める異世界生活 スーパープレミアムフィギュア ""ラム"" -風神-",990円,未開封,,1点
4428004,フィギュア一番くじ 呪術廻戦 ～弐～ A賞 虎杖悠仁 フィギュア,"1,430円",未開封,,1点
3723115,フィギュア名探偵コナン トリプルキッド隊 サンデー限定Ver.VOL.2 怪盗キッド&京極真&アーサー・ヒライ 【週刊少年サンデー 応募者全員サービス】 【フィギュア】[小学館|バンダイ],"2,090円",未開封,,1点
4328654,フィギュアちびきゅんキャラ ラブライブ! The School Idol Movie vol.3 矢澤にこ,440円,未開封,,1点
4262292,フィギュアワンパンマン ESPRESTO-shapely- 戦慄のタツマキ,990円,未開封,,1点
4010166,フィギュア呪術廻戦 ぬーどるストッパーフィギュア -虎杖悠仁-,660円,未開封,,
4426718,フィギュア東京リベンジャーズ フィギュア 佐野万次郎,"2,200円",未開封,,1点
4084117,フィギュア一番くじ 僕のヒーローアカデミア HERO VS VILLAINS C賞 轟焦凍 ;figure,"4,950円",未開封,,1点
4088451,フィギュアねんどろいど 1193 鬼滅の刃 竈門炭治郎 (再販) 【フィギュア】[グッドスマイルカンパニー],"4,400円",未開封,,1点
4262059,フィギュア青春ブタ野郎はバニーガール先輩の夢を見ない Coreful フィギュア 桜島麻衣 ～Winterバニーver.～,"1,650円",未開封,,1点
4118426,フィギュア鬼滅の刃 Q posket petit vol.4 甘露寺蜜璃,880円,未開封,,1点
4424926,フィギュアROBOT魂 <SIDE MS> R-Number SP 機動戦士ガンダム00 ジンクス 【魂ウェブ商店限定】 【フィギュア】[バンダイ],"2,750円",未開封,,1点
4421961,フィギュアPOP UP PARADE bilibili 22娘 【フィギュア】[グッドスマイルアーツ上海],"5,500円",未開封,,1点
4424272,フィギュアTHE IDOLM＠STER シャイニーカラーズ 大崎甘奈 デヴォーティングリンネver. 【フィギュア】[あみあみ],"14,300円",未開封,,1点
4424280,フィギュアRe:ゼロから始める異世界生活 エキドナ お茶会Ver. 【フィギュア】[KADOKAWA],"12,980円",未開封,,1点
4424332,フィギュアTHE IDOLM＠STER シンデレラガールズ 神谷奈緒 一陣の情熱Ver. 【フィギュア】[アルター],"13,750円",未開封,,1点
4424853,フィギュア一番くじ 五等分の花嫁∬ -BrideStyle- D賞 中野四葉 花嫁フィギュア,"3,520円",未開封,,1点
4425503,フィギュア一番くじ 五等分の花嫁∬ ～あなたと一緒に。～ B賞 中野二乃 ワンピース衣装フィギュア,"3,850円",未開封,,1点
4425507,フィギュアS.H.Figuarts (真骨彫製法) 仮面ライダーディケイド 仮面ライダーディケイド コンプリートフォーム 【魂ウェブ商店限定】 【フィギュア】[BANDAI SPIRITS],"9,900円",未開封,,1点
4420792,フィギュアS.H.Figuarts (真骨彫製法) 仮面ライダーディケイド 仮面ライダーディエンド 【フィギュア】[BANDAI SPIRITS],"12,100円",未開封,,1点
4372217,フィギュア一番くじ Re:ゼロから始める異世界生活 ～冬に舞い降りた少女たち～ A賞(ダブルチャンスキャンペーン) エキドナ アートスケールフィギュア,"5,500円",未開封,,1点
4404838,フィギュアねんどろいど 1425 アベンジャーズ/エンドゲーム ドクター・ストレンジ エンドゲームVer. 【フィギュア】[グッドスマイルカンパニー],"3,300円",未開封,,1点
4421855,フィギュア一番くじ 転生したらスライムだった件 魔王達の宴 ～ワルプルギス～ A賞(ダブルチャンスキャンペーン) 暴食之王リムル=テンペスト フィギュア,"4,950円",未開封,,1点
4421857,フィギュア一番くじ 転生したらスライムだった件 ～俺、魔王になったよ～ B賞 魔王ミリム・ナーヴァ フィギュア,"4,400円",未開封,,1点
4421957,フィギュアPOP UP PARADE SSSS.DYNAZENON 飛鳥川ちせ 【フィギュア】[グッドスマイルカンパニー],"3,300円",未開封,,1点
4355871,フィギュア東京リベンジャーズ フィギュア 場地圭介,"2,200円",未開封,,1点
4419835,フィギュア一番くじ Fate/Grand Order Cosmos in the Lostbelt B賞 ランサー/カイニス フィギュア,"3,850円",未開封,,1点
4418068,フィギュアプリマドール 灰桜 初回生産限定版 【フィギュア】[コトブキヤ],"12,100円",未開封,,1点
4419045,フィギュアソードアート・オンライン アリシゼーション アリス・シンセシス・サーティ 【ANIPLEX+限定】 【フィギュア】[ANIPLEX],"26,400円",未開封,,1点
4417674,フィギュアFate/Grand Order セイバー/アーサー・ペンドラゴン[プロトタイプ] 英霊正装Ver. 【フィギュア】[オランジュ・ルージュ],"11,000円",未開封,,1点
4375729,フィギュアFate/kaleid liner Prisma☆Illya プリズマ☆ファンタズム イリヤスフィール・フォン・アインツベルン 【フィギュア】[わんだらー],"12,100円",未開封,,1点
4416219,フィギュア超合金 パックマン パックマン 【フィギュア】[BANDAI SPIRITS],"4,400円",未開封,,1点
4415892,フィギュアPOP UP PARADE 劇場版 ソードアート・オンライン -プログレッシブ- 星なき夜のアリア アスナ 【フィギュア】[グッドスマイルカンパニー],"3,080円",未開封,,1点
4415893,フィギュアデート・ア・ライブ フラグメント デート・ア・バレット 時崎狂三 ビキニアーマーVer. 【フィギュア】[アルファマックス],"13,200円",未開封,,1点
1699867,フィギュアFate/Grand Order サーヴァントフィギュア ～ライダー/アルトリア・ペンドラゴン サンタオルタ～,880円,未開封,,1点
872256,フィギュアちびきゅんキャラ ラブライブ! The School Idol Movie vol.1 南ことり,440円,未開封,,1点
4215408,フィギュアPOP UP PARADE 鬼滅の刃 嘴平伊之助 【フィギュア】[グッドスマイルカンパニー],"3,520円",未開封,,1点
4412773,フィギュア犬夜叉 Q posket -殺生丸- A,"1,320円",未開封,,
4412853,フィギュア鬼滅の刃 Q posket -我妻善逸- II B,"1,320円",未開封,,
4398879,フィギュア戦翼のシグルドリーヴァ クラウディア・ブラフォード 【フィギュア】[グッドスマイルカンパニー],"9,900円",未開封,,1点
4370358,フィギュア初音ミク BiCute Bunnies Figure -白うさぎ パールカラーver.-,"1,650円",未開封,,1点
4410934,フィギュア一番くじ 五等分の花嫁∬ ～あなたと一緒に。～ E賞 中野五月 ワンピース衣装フィギュア,"3,300円",未開封,,1点
4410935,フィギュア一番くじ Re:ゼロから始める異世界生活 ～冬に舞い降りた少女たち～ C賞 だぼパーカー ベアトリス フィギュア,"3,300円",未開封,,1点
4406762,フィギュア映画けいおん! ロンドンタクシー [アオシマ],"2,750円",未開封,,1点
4407213,フィギュアメガミデバイス 皇巫 スサノヲ [コトブキヤ],"13,200円",未開封,,1点
4330350,フィギュアPLAY ARTS改 NieR:Automata ヨルハ A型二号 DX版 【フィギュア】[スクウェア・エニックス],"12,100円",未開封,,1点
4365071,フィギュアねんどろいど 1615 とっとこハム太郎 ハム太郎 【フィギュア】[グッドスマイルカンパニー],"3,850円",未開封,,1点
4406827,フィギュアARTFX J 鬼滅の刃 冨岡義勇 【フィギュア】[コトブキヤ],"9,900円",未開封,,1点
4355102,フィギュア1/72 CP-22 デュアルスナイパーライフル カスタマイズパーツ [トミー],"4,950円",未開封,箱イタミ有,1点
4403874,フィギュア羅小黒戦記・フィギュア・無限ver ムゲン(無限) 【フィギュア】[MADology],"5,500円",未開封,,1点
4389861,フィギュアPOP UP PARADE 五等分の花嫁∬ 中野五月 【フィギュア】[グッドスマイルカンパニー],"4,180円",未開封,箱イタミ有,1点
4404837,フィギュアねんどろいど 1379 アベンジャーズ/エンドゲーム ブラックウィドウ エンドゲームVer. 【フィギュア】[グッドスマイルカンパニー],"3,850円",未開封,,1点
4402800,フィギュアねんどろいど 1301 ヒプノシスマイク-Division Rap Battle- 毒島メイソン理鶯(Crazy M) 【フィギュア】[FREEing],"6,600円",未開封,,1点
4402802,フィギュアねんどろいど 1298 ヒプノシスマイク-Division Rap Battle- 山田三郎(MC.L.B) 【フィギュア】[FREEing],"4,950円",未開封,,1点
2931278,フィギュアRe:ゼロから始める異世界生活 Q posket -Ram- A,880円,未開封,,1点
4331750,"フィギュアラブライブ!スーパースター!! プレミアムフィギュア ""嵐千砂都-始まりは君の空""","2,200円",未開封,,1点
4398651,フィギュア一番くじ エヴァンゲリオン ～初号機vs第13号機～ A賞 エヴァンゲリオン初号機 フィギュア,"7,700円",未開封,,1点
4398873,フィギュアMETAL BUILD 機動戦士クロスボーン・ガンダム 鋼鉄の7人 クロスボーン・ガンダムX1 フルクロス 【魂ウェブ商店限定】 【フィギュア】[BANDAI SPIRITS],"44,000円",未開封,,1点
4398875,フィギュア一番くじ Fate/Grand Order Cosmos in the Lostbelt A賞 クリプター/キリシュタリア・ヴォーダイム フィギュア,"3,300円",未開封,,1点
4396287,フィギュアULTIMATE IMAGE デジモンアドベンチャー LAST EVOLUTION 絆 ガブモン -友情の絆- 【プレミアムバンダイ限定】 【フィギュア】[バンダイ],"9,900円",未開封,,1点
4332747,フィギュア1/72 LBZ-02 LBムラサメライガー レジェンドシリーズ [トミー],"5,500円",未開封,,1点
4395753,フィギュアARTFX アーティストシリーズ スター・ウォーズ/フォースの覚醒 カイロ・レン -影を纏う- 【フィギュア】[コトブキヤ],"9,900円",未開封,,1点
3102608,"フィギュアラブライブ! プレミアムフィギュア ""KOTORI‐No brand girls"" 南ことり",660円,未開封,箱イタミ,1点
2294624,フィギュアみんなのくじ 刀剣乱舞-ONLINE- 引っかけの陣 ～和菓子を添えて～ C賞 引っかけフィギュア 大倶利伽羅,770円,未開封,,1点
1285287,"フィギュア艦隊これくしょん -艦これ- スーパープレミアムフィギュア """"翔鶴改二甲""""",660円,未開封,,1点
4268545,フィギュアFate/Grand Order Servant Figure ～ムーンキャンサー/BB～,660円,未開封,,1点
4394631,フィギュアノーゲーム・ノーライフ ゼロ ジブリール 小さな天翼種Ver. 【フィギュア】[ファット･カンパニー],"19,800円",未開封,,1点
4392236,フィギュアPOP UP PARADE この素晴らしい世界に祝福を! ゆんゆん 【フィギュア】[マックスファクトリー],"3,080円",未開封,箱イタミ有,1点
4388813,フィギュア一番くじ 転生したらスライムだった件 ～和魔国連邦!～ B賞 ディアブロ フィギュア 着物ver.,"5,500円",未開封,,1点
4374606,フィギュア劇場版 呪術廻戦 0 ひっかけフィギュア 乙骨憂太,"1,760円",未開封,,1点
4386300,フィギュアMETAL ROBOT魂 <SIDE AB> 聖戦士ダンバイン ビルバイン 【フィギュア】[BANDAI SPIRITS],"16,500円",未開封,,1点
4386301,フィギュアMETAL BUILD 機動戦士クロスボーン・ガンダム クロスボーン・ガンダムX3 【魂ウェブ商店限定】 【フィギュア】[BANDAI SPIRITS],"29,700円",未開封,,1点
4383222,フィギュア一番くじ ドラゴンボール VSオムニバス超 ラストワン賞(ダブルチャンスキャンペーン) 神龍 フィギュア 究極DB ver.,"22,000円",未開封,,1点
4330993,フィギュアPLAY ARTS改 FINAL FANTASY VII REMAKE ルード 【フィギュア】[スクウェア・エニックス],"9,350円",未開封,外箱にキズあり,1点
4382277,フィギュア1/72 ブラキオトータス (恐竜/陸ガメ型) スペシャルエディション ゾイドブロックス [トミー],"3,850円",未開封,箱イタミ有,1点
4382280,フィギュア1/72 FZ-007 ロードゲイル (ガーゴイル型) [トミー],"3,520円",未開封,,1点
4381575,フィギュアねんどろいど Swacchao! キャラクター・ボーカル・シリーズ01 初音ミク 初音ミク 【フィギュア】[グッドスマイルカンパニー],"2,970円",未開封,,1点
4252562,"フィギュアシン・エヴァンゲリオン劇場版 リミテッドプレミアムフィギュア ""真希波・マリ・イラストリアス"" ～Last Mission～","2,200円",未開封,,1点
1427223,"フィギュア劇場版 艦隊これくしょん -艦これ- プレミアムフィギュア """"電""""",990円,未開封,,1点
2362744,フィギュア艦隊これくしょん -艦これ- EXQフィギュア ～大和 春の私服mode～,957円,未開封,,1点
4375781,フィギュアジョジョの奇妙な冒険 黄金の風 フィギュアペン ヴィネガー・ドッピオ 【フィギュア】[ディ・モールト ベネ],"4,400円",未開封,,1点
4376094,フィギュアドールズフロントライン K2 【フィギュア】[FunnyKights],"9,900円",未開封,,1点
4288627,フィギュアねんどろいど 1467 Fate/Grand Order -絶対魔獣戦線バビロニア- キングゥ 【フィギュア】[グッドスマイルカンパニー],"3,850円",未開封,,1点
4372812,フィギュアねんどろいど 1501 クラッシュ・バンディクー 4:とんでもマルチバース クラッシュ・バンディクー 【フィギュア】[グッドスマイルカンパニー],"6,600円",未開封,未開封品です。,1点
1427243,"フィギュア劇場版 艦隊これくしょん -艦これ- プレミアムフィギュア """"暁""""",880円,未開封,,1点
4091750,フィギュアセガ・ハード・ガールズ フィギュア セガサターン 【フィギュア】[セガ],"2,090円",未開封,箱イタミ有,1点
4106830,フィギュアまめしき モーレツ宇宙海賊 PVCフィギュア チアキ・クリハラ 【フィギュア】[リキッドストーン],990円,未開封,,1点
4369491,フィギュアDSマイルイラスト 交差 【フィギュア】[ユニオンクリエイティブ],"11,000円",未開封,,1点
4369492,フィギュアれい亜イラスト SENTAKU BASAMI 汐音シア 【フィギュア】[ユニオンクリエイティブ],"11,000円",未開封,,1点
4369494,フィギュアTHE IDOLM＠STER シンデレラガールズ 前川みく ドリーミンブライドver. 【フィギュア】[knead],"13,200円",未開封,,1点
3491247,"フィギュアラブライブ!サンシャイン!! スーパープレミアムフィギュア ""黒澤ダイヤ""",550円,未開封,箱イタミ有,1点
4275842,フィギュア鬼滅の刃 フィギュア -絆ノ装- 拾漆ノ型 悲鳴嶼行冥 セピアカラーVer.,770円,未開封,箱イタミ有,1点
4360835,フィギュアご注文はうさぎですか? BLOOM チノ 花ざかり サマードレスVer. 【フィギュア】[箱入り娘],"11,000円",未開封,,1点
4360836,フィギュアソードアート・オンライン アスナ [Starry night] 【フィギュア】[イージーエイト],"12,100円",未開封,,1点
645820,フィギュア一番くじ 黒子のバスケ ～放課後ver.1～ A賞 マジバーガー ちびきゅんキャラセット 黒子テツヤ&テツヤ2号,660円,未開封,,1点
2883189,フィギュアラブライブ! EXQフィギュア ～高坂穂乃果～,660円,未開封,,1点
4355654,フィギュアSDガンダム BB戦士 No.281 機動戦士ガンダムSEED DESTINY ガナーザクウォーリア(ルナマリア・ホーク専用機) [バンダイ],"1,100円",未開封,,1点
4356474,フィギュアクドわふたー 能美クドリャフカ 【フィギュア】[ブロッコリー],"14,300円",未開封,,1点
4351990,フィギュアノーゲーム・ノーライフ ゼロ ジブリール 大戦Ver. 【フィギュア】[グッドスマイルカンパニー],"12,100円",未開封,,1点
4285515,フィギュアドラゴンボール超 超戦士列伝 II ～第五章 誇り高きサイヤ人～ バーダック,"1,100円",未開封,,1点
4348910,フィギュア一番くじ 仮面ライダー 50th anniversary vol.1 A賞(ダブルチャンスキャンペーン) SOFVICS 仮面ライダーリバイ レックスゲノム,"3,300円",未開封,未開封品,1点
4345083,フィギュア聖闘士星矢 聖闘士聖衣神話EX アンドロメダ瞬 (新生青銅聖衣) ～GOLDEN LIMITED EDITION～ 【TAMASHII NATIONS TOKYO限定】 【フィギュア】[BANDAI SPIRITS],"8,800円",未開封,,1点
4343717,フィギュアS.H.Figuarts ウルトラマントリガー ウルトラマントリガー マルチタイプ 【フィギュア】[BANDAI SPIRITS],"6,600円",未開封,,1点
4335197,フィギュアねんどろいど 1154-DX キャプテン・マーベル キャプテン・マーベル ヒーローズ・エディション DX Ver. 【フィギュア】[グッドスマイルカンパニー],"3,520円",未開封,,1点
4335200,フィギュアねんどろいど 1522 スパイダーマン:スパイダーバース ペニー・パーカー スパイダーバースVer. 【フィギュア】[グッドスマイルカンパニー],"4,400円",未開封,,1点
4335202,フィギュアねんどろいど 1557 パイレーツ・オブ・カリビアン/生命の泉 ジャック・スパロウ 【フィギュア】[グッドスマイルカンパニー],"5,280円",未開封,,1点
4329820,フィギュアS.H.Figuarts ドラゴンボール改 クリリン 【魂ウェブ商店限定】 【フィギュア】[バンダイ],"14,300円",未開封,,1点
4315641,フィギュア一番くじ 僕のヒーローアカデミア HERO VS VILLAINS E賞 ホークス ;figure,"4,180円",未開封,,1点
4329182,フィギュアFiguarts mini 荒野のコトブキ飛行隊 ザラ 【フィギュア】[BANDAI SPIRITS],880円,未開封,,1点
4322389,フィギュアソードアート・オンライン ユウキ 【フィギュア】[アルター],"19,800円",未開封,,1点
4320732,フィギュアねんどろいど 1267 フォートナイト スカルトルーパー 【フィギュア】[グッドスマイルカンパニー],"4,400円",未開封,,1点
3440422,フィギュアラブライブ!サンシャイン!! EXQフィギュア ～高海千歌～,660円,未開封,,1点
4315640,フィギュアPOP UP PARADE 鋼の錬金術師 FULLMETAL ALCHEMIST エドワード・エルリック 【フィギュア】[グッドスマイルカンパニー],"3,850円",未開封,,1点
4287854,フィギュア一番くじ 鬼滅の刃 ～肆～ 誰よりも強靭な刃となれ A賞 竈門炭治郎 フィギュア,"2,200円",未開封,,1点
3531001,フィギュア初音ミク Doll Crystalフィギュア 桜ミク,"1,100円",未開封,,1点
3416500,"フィギュア初音ミクシリーズ スーパープレミアムフィギュア ""桜ミク"" Ver.2","1,650円",未開封,,1点
4167943,フィギュア名探偵コナン トリプルキッド隊 サンデー限定Ver. 江戸川コナン&赤井秀一&降谷零(バーボン/安室透) 【週刊少年サンデー 応募者全員サービス】 【フィギュア】[小学館|バンダイ],"3,850円",未開封,,1点
4184582,フィギュアONEPIECE GLITTER&GLAMOURS -NICO ROBIN- B,"1,100円",未開封,未開封,1点
4184588,フィギュアドラゴンボールZ BLOOD OF SAIYANS -SPECIAL IX- 超サイヤ人ゴジータ,"1,100円",未開封,,1点
4184589,フィギュアドラゴンボール超 超戦士列伝 II ～第六章 相対する正義～ 孫悟空,"1,100円",未開封,,1点
4215878,フィギュア弱キャラ友崎くん 七海みなみ 【フィギュア】[コトブキヤ],"14,300円",未開封,,1点
3901170,フィギュアゾイドワイルド ZW02 ギルラプター [ディノニクス種] [タカラトミー],"1,078円",未開封,箱イタミ有,1点
4208853,フィギュアONEPIECE SCultures 造形王頂上決戦 vol.1 サンジ,"1,650円",未開封,,1点
4208854,フィギュアONEPIECE DXF ～THE GRANDLINE MEN～ ワノ国 vol.5 サンジ,"1,650円",未開封,,1点
4208887,フィギュアドラゴンボールGT BLOOD OF SAIYANS -SPECIAL III- 超サイヤ人4 孫悟空,"1,320円",未開封,,1点
4208888,フィギュア劇場版 ONEPIECE STAMPEDE DXF～THE GRANDLINE MEN～ vol.6 モンキー・D・ルフィ,"1,320円",未開封,,1点
4208889,フィギュアドラゴンボールZ G×materia THE GOTENKS,"1,650円",未開封,,1点
4208895,フィギュアドラゴンボールGT BLOOD OF SAIYANS -SPECIAL V- 超サイヤ人4 ゴジータ,"1,100円",未開封,,1点
4208944,フィギュアドラゴンボール超 孫悟空FES!! 其之十四 孫悟空,"1,980円",未開封,,1点
4208946,フィギュアドラゴンボールZ G×materia THE YAMCHA,"1,650円",未開封,,1点
4208848,フィギュア転生したらスライムだった件 -Otherworlder- フィギュア vol.7 ソウエイ(蒼影),"1,320円",未開封,,1点
4208884,フィギュアドラゴンボール超 超戦士列伝 ～第六章 受け継がれる力～ 超サイヤ人 孫悟飯:少年,"1,320円",未開封,,1点
4179380,フィギュアPOP UP PARADE 呪術廻戦 虎杖悠仁 【フィギュア】[グッドスマイルカンパニー],"2,860円",未開封,,1点
4188778,フィギュアPOP UP PARADE 映画 この素晴らしい世界に祝福を! 紅伝説 ダクネス 冬服Ver. 【フィギュア】[グッドスマイルカンパニー],"3,300円",未開封,未開封品,1点
4188780,フィギュアPOP UP PARADE 映画 この素晴らしい世界に祝福を! 紅伝説 アクア 冬服Ver. 【フィギュア】[グッドスマイルカンパニー],"3,300円",未開封,未開封品,1点
4188969,フィギュア初音ミクGTプロジェクト レーシングミク 2019Ver. feat.杏仁豆腐 【フィギュア】[GOODSMILE RACING],"13,200円",未開封,未開封品,1点
4184585,フィギュアドラゴンボールZ Q posket -BULMA- II A,660円,未開封,,1点
4184586,フィギュアドラゴンボールZ Q posket -BULMA- アナザーカラーver.,660円,未開封,,1点
4184587,フィギュアドラゴンボールZ MATCH MAKERS-ANDROID 18- 人造人間18号,990円,未開封,,1点
4180379,フィギュアキャラクター・ボーカル・シリーズ01 初音ミク 1/18 #6 Mercedes-AMG Team Black Falcon 2019 SPA24H ver. 【フィギュア】[グッドスマイルカンパニー|GOODSMILE RACING],"24,200円",未開封,,1点
4180399,フィギュアミライアカリ レースクイーンver. 【フィギュア】[PULCHRA],"12,100円",未開封,,1点
4180401,フィギュア一番くじ 呪術廻戦 ～弐～ A賞 虎杖悠仁 フィギュア,"2,200円",未開封,,1点
4180413,フィギュア一番くじ 呪術廻戦 ～弐～ D賞(ダブルチャンスキャンペーン) 五条悟 フィギュア,"2,750円",未開封,,1点
2279197,フィギュアラブライブ!サンシャイン!! SSSフィギュア 未熟DREAMER -桜内梨子-,550円,未開封,,
3397678,フィギュア初音ミク 描き下ろしフィギュア 桜ミク 2020ver.,"1,430円",未開封,,
3962296,フィギュア鬼滅の刃 Q posket -煉獄杏寿郎- B,"1,100円",未開封,,1点
4124137,フィギュアYes!プリキュア5GoGo! Q posket -CureDream- B パステルカラーver.,660円,未開封,,1点
3787037,フィギュア鬼滅の刃 おひるねこミニフィギュア 我妻善逸,990円,未開封,,1点
4071733,フィギュアドラゴンボール超 DXF～THE SUPER WARRIORS～ vol.4 超サイヤ人ベジット,"1,430円",未開封,,1点
4071747,フィギュアONEPIECE DXF ～THE GRANDLINE MEN～ vol.12 サンジ,"1,980円",未開封,,1点
4071748,"フィギュア冴えない彼女の育てかた♭ プレミアムフィギュア ""霞ヶ丘詩羽""","1,650円",未開封,箱イタミ有,1点
4071798,フィギュアONEPIECE DXF ～THE GRANDLINE MEN～ vol.12 トニートニー・チョッパー,"2,200円",未開封,,1点
4071825,フィギュアドラゴンボールGT 超人技画 SUPER SAIYAN4 SON GOKU 超サイヤ人4孫悟空,"1,980円",未開封,,1点
4066632,フィギュアドラゴンボールZ History Box vol.1 孫悟空,"1,100円",未開封,,1点
4066669,フィギュアドラゴンボールGT Full Scratch THE SUPER SAIYAN4 SON GOKU 超サイヤ人4 孫悟空,"1,320円",未開封,,1点
4066885,フィギュアドラゴンボール超 BANPRESTO WORLD FIGURE COLOSSEUM 造形天下一武道会 2 SPECIAL CHEELAI,990円,未開封,,1点
1539963,フィギュアアイドリッシュセブン DXFフィギュア vol.1 和泉一織 A,"1,320円",未開封,,1点
2230537,フィギュアRe:ゼロから始める異世界生活 SSSフィギュア -レム in Wonderland-,"1,100円",未開封,,1点
4015248,フィギュアARTFX J 鬼滅の刃 竈門禰豆子 【フィギュア】[コトブキヤ],"9,350円",未開封,箱イタミ有,1点
3992711,フィギュアトランスフォーマー マスターピース MP-23 エグゾースト 【フィギュア】[タカラトミー],"6,600円",未開封,,1点
3992716,フィギュアトランスフォーマー GENERATION SELECTS シーコンズクラーケン 【タカラトミーモール限定】 【フィギュア】[タカラトミー],"5,280円",未開封,,1点
3989320,フィギュア鬼滅の刃 フィギュア -絆ノ装- 栗花落カナヲ&胡蝶しのぶ 胡蝶しのぶ,"2,200円",未開封,,1点
3989478,フィギュア魂SPEC XS-14 機甲戦記ドラグナー XD-02 ドラグナー2 【フィギュア】[バンダイ],"9,020円",未開封,,1点
3989477,フィギュアROBOT魂 <SIDE MS> 機動戦士ガンダム0083 STARDUST MEMORY RX-78GP01Fb ガンダム試作1号機フルバーニアン ver. A.N.I.M.E. 【フィギュア】[BANDAI SPIRITS],"7,920円",未開封,,1点
2921531,フィギュアFate/stay night セイバー ～約束された勝利の剣 (エクスカリバー)～ 【フィギュア】[グッドスマイルカンパニー],"11,880円",未開封,,1点
1735939,フィギュアRe:ゼロから始める異世界生活 レム 【フィギュア】[グッドスマイルカンパニー],"21,780円",未開封,,1点
3310923,フィギュアラブライブ! 電撃屋限定 Birthday Figure Project 西木野真姫 【フィギュア】[KADOKAWA|アスキー・メディアワークス|電撃屋],"5,500円",未開封,箱イタミ有,1点
620881,フィギュア一番くじ うたの☆プリンスさまっ♪ マジLOVE2000% C賞 きゅんキャラ 四ノ宮那月,451円,未開封,,1点
3364517,フィギュアMETAL BUILD 新世紀エヴァンゲリオン エヴァンゲリオン2号機 【フィギュア】[BANDAI SPIRITS],"27,500円",未開封,,1点
4374606,フィギュア劇場版 呪術廻戦 0 ひっかけフィギュア 乙骨憂太,"1,760円",未開封,,1点
4386300,フィギュアMETAL ROBOT魂 <SIDE AB> 聖戦士ダンバイン ビルバイン 【フィギュア】[BANDAI SPIRITS],"16,500円",未開封,,1点
4386301,フィギュアMETAL BUILD 機動戦士クロスボーン・ガンダム クロスボーン・ガンダムX3 【魂ウェブ商店限定】 【フィギュア】[BANDAI SPIRITS],"29,700円",未開封,,1点
4383222,フィギュア一番くじ ドラゴンボール VSオムニバス超 ラストワン賞(ダブルチャンスキャンペーン) 神龍 フィギュア 究極DB ver.,"22,000円",未開封,,1点
4330993,フィギュアPLAY ARTS改 FINAL FANTASY VII REMAKE ルード 【フィギュア】[スクウェア・エニックス],"9,350円",未開封,外箱にキズあり,1点
4382277,フィギュア1/72 ブラキオトータス (恐竜/陸ガメ型) スペシャルエディション ゾイドブロックス [トミー],"3,850円",未開封,箱イタミ有,1点
4382280,フィギュア1/72 FZ-007 ロードゲイル (ガーゴイル型) [トミー],"3,520円",未開封,,1点
4381575,フィギュアねんどろいど Swacchao! キャラクター・ボーカル・シリーズ01 初音ミク 初音ミク 【フィギュア】[グッドスマイルカンパニー],"2,970円",未開封,,1点
4252562,"フィギュアシン・エヴァンゲリオン劇場版 リミテッドプレミアムフィギュア ""真希波・マリ・イラストリアス"" ～Last Mission～","2,200円",未開封,,1点
1427223,"フィギュア劇場版 艦隊これくしょん -艦これ- プレミアムフィギュア """"電""""",990円,未開封,,1点
2362744,フィギュア艦隊これくしょん -艦これ- EXQフィギュア ～大和 春の私服mode～,957円,未開封,,1点
4375781,フィギュアジョジョの奇妙な冒険 黄金の風 フィギュアペン ヴィネガー・ドッピオ 【フィギュア】[ディ・モールト ベネ],"4,400円",未開封,,1点
4376094,フィギュアドールズフロントライン K2 【フィギュア】[FunnyKights],"9,900円",未開封,,1点
4288627,フィギュアねんどろいど 1467 Fate/Grand Order -絶対魔獣戦線バビロニア- キングゥ 【フィギュア】[グッドスマイルカンパニー],"3,850円",未開封,,1点
4372812,フィギュアねんどろいど 1501 クラッシュ・バンディクー 4:とんでもマルチバース クラッシュ・バンディクー 【フィギュア】[グッドスマイルカンパニー],"6,600円",未開封,未開封品です。,1点
1427243,"フィギュア劇場版 艦隊これくしょん -艦これ- プレミアムフィギュア """"暁""""",880円,未開封,,1点
4091750,フィギュアセガ・ハード・ガールズ フィギュア セガサターン 【フィギュア】[セガ],"2,090円",未開封,箱イタミ有,1点
4106830,フィギュアまめしき モーレツ宇宙海賊 PVCフィギュア チアキ・クリハラ 【フィギュア】[リキッドストーン],990円,未開封,,1点
4369491,フィギュアDSマイルイラスト 交差 【フィギュア】[ユニオンクリエイティブ],"11,000円",未開封,,1点
4369492,フィギュアれい亜イラスト SENTAKU BASAMI 汐音シア 【フィギュア】[ユニオンクリエイティブ],"11,000円",未開封,,1点
4369494,フィギュアTHE IDOLM＠STER シンデレラガールズ 前川みく ドリーミンブライドver. 【フィギュア】[knead],"13,200円",未開封,,1点
3491247,"フィギュアラブライブ!サンシャイン!! スーパープレミアムフィギュア ""黒澤ダイヤ""",550円,未開封,箱イタミ有,1点
4275842,フィギュア鬼滅の刃 フィギュア -絆ノ装- 拾漆ノ型 悲鳴嶼行冥 セピアカラーVer.,770円,未開封,箱イタミ有,1点
4360835,フィギュアご注文はうさぎですか? BLOOM チノ 花ざかり サマードレスVer. 【フィギュア】[箱入り娘],"11,000円",未開封,,1点
4360836,フィギュアソードアート・オンライン アスナ [Starry night] 【フィギュア】[イージーエイト],"12,100円",未開封,,1点
645820,フィギュア一番くじ 黒子のバスケ ～放課後ver.1～ A賞 マジバーガー ちびきゅんキャラセット 黒子テツヤ&テツヤ2号,660円,未開封,,1点
2883189,フィギュアラブライブ! EXQフィギュア ～高坂穂乃果～,660円,未開封,,1点
4355654,フィギュアSDガンダム BB戦士 No.281 機動戦士ガンダムSEED DESTINY ガナーザクウォーリア(ルナマリア・ホーク専用機) [バンダイ],"1,100円",未開封,,1点
4356474,フィギュアクドわふたー 能美クドリャフカ 【フィギュア】[ブロッコリー],"14,300円",未開封,,1点
4351990,フィギュアノーゲーム・ノーライフ ゼロ ジブリール 大戦Ver. 【フィギュア】[グッドスマイルカンパニー],"12,100円",未開封,,1点
4285515,フィギュアドラゴンボール超 超戦士列伝 II ～第五章 誇り高きサイヤ人～ バーダック,"1,100円",未開封,,1点
4348910,フィギュア一番くじ 仮面ライダー 50th anniversary vol.1 A賞(ダブルチャンスキャンペーン) SOFVICS 仮面ライダーリバイ レックスゲノム,"3,300円",未開封,未開封品,1点
4345083,フィギュア聖闘士星矢 聖闘士聖衣神話EX アンドロメダ瞬 (新生青銅聖衣) ～GOLDEN LIMITED EDITION～ 【TAMASHII NATIONS TOKYO限定】 【フィギュア】[BANDAI SPIRITS],"8,800円",未開封,,1点
4343717,フィギュアS.H.Figuarts ウルトラマントリガー ウルトラマントリガー マルチタイプ 【フィギュア】[BANDAI SPIRITS],"6,600円",未開封,,1点
4335197,フィギュアねんどろいど 1154-DX キャプテン・マーベル キャプテン・マーベル ヒーローズ・エディション DX Ver. 【フィギュア】[グッドスマイルカンパニー],"3,520円",未開封,,1点
4335200,フィギュアねんどろいど 1522 スパイダーマン:スパイダーバース ペニー・パーカー スパイダーバースVer. 【フィギュア】[グッドスマイルカンパニー],"4,400円",未開封,,1点
4335202,フィギュアねんどろいど 1557 パイレーツ・オブ・カリビアン/生命の泉 ジャック・スパロウ 【フィギュア】[グッドスマイルカンパニー],"5,280円",未開封,,1点
4329820,フィギュアS.H.Figuarts ドラゴンボール改 クリリン 【魂ウェブ商店限定】 【フィギュア】[バンダイ],"14,300円",未開封,,1点
4315641,フィギュア一番くじ 僕のヒーローアカデミア HERO VS VILLAINS E賞 ホークス ;figure,"4,180円",未開封,,1点
4329182,フィギュアFiguarts mini 荒野のコトブキ飛行隊 ザラ 【フィギュア】[BANDAI SPIRITS],880円,未開封,,1点
4322389,フィギュアソードアート・オンライン ユウキ 【フィギュア】[アルター],"19,800円",未開封,,1点
4320732,フィギュアねんどろいど 1267 フォートナイト スカルトルーパー 【フィギュア】[グッドスマイルカンパニー],"4,400円",未開封,,1点
3440422,フィギュアラブライブ!サンシャイン!! EXQフィギュア ～高海千歌～,660円,未開封,,1点
4315640,フィギュアPOP UP PARADE 鋼の錬金術師 FULLMETAL ALCHEMIST エドワード・エルリック 【フィギュア】[グッドスマイルカンパニー],"3,850円",未開封,,1点
4287854,フィギュア一番くじ 鬼滅の刃 ～肆～ 誰よりも強靭な刃となれ A賞 竈門炭治郎 フィギュア,"2,200円",未開封,,1点
3531001,フィギュア初音ミク Doll Crystalフィギュア 桜ミク,"1,100円",未開封,,1点
3416500,"フィギュア初音ミクシリーズ スーパープレミアムフィギュア ""桜ミク"" Ver.2","1,650円",未開封,,1点
4167943,フィギュア名探偵コナン トリプルキッド隊 サンデー限定Ver. 江戸川コナン&赤井秀一&降谷零(バーボン/安室透) 【週刊少年サンデー 応募者全員サービス】 【フィギュア】[小学館|バンダイ],"3,850円",未開封,,1点
4184582,フィギュアONEPIECE GLITTER&GLAMOURS -NICO ROBIN- B,"1,100円",未開封,未開封,1点
4184588,フィギュアドラゴンボールZ BLOOD OF SAIYANS -SPECIAL IX- 超サイヤ人ゴジータ,"1,100円",未開封,,1点
4184589,フィギュアドラゴンボール超 超戦士列伝 II ～第六章 相対する正義～ 孫悟空,"1,100円",未開封,,1点
4215878,フィギュア弱キャラ友崎くん 七海みなみ 【フィギュア】[コトブキヤ],"14,300円",未開封,,1点
3901170,フィギュアゾイドワイルド ZW02 ギルラプター [ディノニクス種] [タカラトミー],"1,078円",未開封,箱イタミ有,1点
4208853,フィギュアONEPIECE SCultures 造形王頂上決戦 vol.1 サンジ,"1,650円",未開封,,1点
4208854,フィギュアONEPIECE DXF ～THE GRANDLINE MEN～ ワノ国 vol.5 サンジ,"1,650円",未開封,,1点
4208887,フィギュアドラゴンボールGT BLOOD OF SAIYANS -SPECIAL III- 超サイヤ人4 孫悟空,"1,320円",未開封,,1点
4208888,フィギュア劇場版 ONEPIECE STAMPEDE DXF～THE GRANDLINE MEN～ vol.6 モンキー・D・ルフィ,"1,320円",未開封,,1点
4208889,フィギュアドラゴンボールZ G×materia THE GOTENKS,"1,650円",未開封,,1点
4208895,フィギュアドラゴンボールGT BLOOD OF SAIYANS -SPECIAL V- 超サイヤ人4 ゴジータ,"1,100円",未開封,,1点
4208944,フィギュアドラゴンボール超 孫悟空FES!! 其之十四 孫悟空,"1,980円",未開封,,1点
4208946,フィギュアドラゴンボールZ G×materia THE YAMCHA,"1,650円",未開封,,1点
4208848,フィギュア転生したらスライムだった件 -Otherworlder- フィギュア vol.7 ソウエイ(蒼影),"1,320円",未開封,,1点
4208884,フィギュアドラゴンボール超 超戦士列伝 ～第六章 受け継がれる力～ 超サイヤ人 孫悟飯:少年,"1,320円",未開封,,1点
4179380,フィギュアPOP UP PARADE 呪術廻戦 虎杖悠仁 【フィギュア】[グッドスマイルカンパニー],"2,860円",未開封,,1点
4188778,フィギュアPOP UP PARADE 映画 この素晴らしい世界に祝福を! 紅伝説 ダクネス 冬服Ver. 【フィギュア】[グッドスマイルカンパニー],"3,300円",未開封,未開封品,1点
4188780,フィギュアPOP UP PARADE 映画 この素晴らしい世界に祝福を! 紅伝説 アクア 冬服Ver. 【フィギュア】[グッドスマイルカンパニー],"3,300円",未開封,未開封品,1点
4188969,フィギュア初音ミクGTプロジェクト レーシングミク 2019Ver. feat.杏仁豆腐 【フィギュア】[GOODSMILE RACING],"13,200円",未開封,未開封品,1点
4184585,フィギュアドラゴンボールZ Q posket -BULMA- II A,660円,未開封,,1点
4184586,フィギュアドラゴンボールZ Q posket -BULMA- アナザーカラーver.,660円,未開封,,1点
4184587,フィギュアドラゴンボールZ MATCH MAKERS-ANDROID 18- 人造人間18号,990円,未開封,,1点
4180379,フィギュアキャラクター・ボーカル・シリーズ01 初音ミク 1/18 #6 Mercedes-AMG Team Black Falcon 2019 SPA24H ver. 【フィギュア】[グッドスマイルカンパニー|GOODSMILE RACING],"24,200円",未開封,,1点
4180399,フィギュアミライアカリ レースクイーンver. 【フィギュア】[PULCHRA],"12,100円",未開封,,1点
